commit,source,unit,pr,unit_merge,is_merge,author,date,subject,status,final_status,method,new_commit,note,decision_note,feature
24f70bc70877927fb706268b79d32445feccec06,kggk,kggk:1,634,d0816eb1abd4,False,Kanishkar,2026-02-04T16:33:49+05:30,test: test case for order form and order,PORT,PORT,leaf,be912921f62c,,,Tests
d0816eb1abd494a3afbda5d182088e841badff86,kggk,kggk:1,634,d0816eb1abd4,True,Dhinesh,2026-02-04T17:40:54+05:30,test: test case for order form and order (#634),PORT,PORT,PR merge (leaves picked; Part-of trailer),,,,Tests
678b653322c99e709cf03f5e0a980eb7feec9d80,kggk,kggk:2,631,398707865ac7,False,manikandan-s-18,2026-02-04T13:52:53+05:30,refactor: optimise Orderfrom and Order doc,PORT,PORT,leaf,,empty pick: all changes on deferred paths -> consolidated port,,Order
398707865ac70454493c0d0ecd5bb7aab1a25a21,kggk,kggk:2,631,398707865ac7,True,Dhinesh,2026-02-04T17:41:15+05:30,refactor: optimise Orderfrom and Order doc (#631),PORT,PORT,PR merge (leaves picked; Part-of trailer),,,,Order
db0d6a5f3cd83818852eeca40e8989fccb0fbadf,kggk,kggk:3,644,2f041b596923,False,dhinesh005,2026-02-11T18:34:19+05:30,fix: optimzation of Fetch the single GC Ratio Master document,PORT,PORT,leaf,71f72efb8543,,,Order
2f041b596923859de558db0e8355d8b136547a92,kggk,kggk:3,644,2f041b596923,True,Dhinesh,2026-02-11T18:37:52+05:30,fix: optimzation of Fetch the single GC Ratio Master document (#644),PORT,PORT,PR merge (leaves picked; Part-of trailer),,,,Order
ee88d1053a68445a0216bd2451c1c362eef4ec47,kggk,kggk:4,645,a01ead878561,False,dhinesh005,2026-02-11T18:46:57+05:30,fix: add patches path,PORT,PORT,leaf,,empty pick: all changes on deferred paths -> consolidated port,,Patches
a01ead8785612be85134bbc2ad7a2ad6aa526ed3,kggk,kggk:4,645,a01ead878561,True,Dhinesh,2026-02-11T18:49:12+05:30,fix: add patches path (#645),PORT,PORT,PR merge (leaves picked; Part-of trailer),,,,Patches
27cd32e6932259c94f5c23a3ef703fa6a026de2c,kggk,kggk:5,646,c003e91b41dd,False,dhinesh005,2026-02-11T19:04:27+05:30,fix: add gc_ratio type logic,PORT,PORT,leaf,86232cdd9d66,,,Order
c003e91b41dd5fd45b892cdaae636bbc8213eaea,kggk,kggk:5,646,c003e91b41dd,True,Dhinesh,2026-02-11T19:08:00+05:30,fix: add gc_ratio type logic (#646),PORT,PORT,PR merge (leaves picked; Part-of trailer),,,,Order
54800b59b7688b8791e337a747be5abbc3bf6fd2,kggk,kggk:6,650,549b99bf40cc,False,manikandan-s-18,2026-02-13T17:29:04+05:30,fix: handle order fetching and duplicate row deletion,PORT,PORT,leaf,,empty pick: all changes on deferred paths -> consolidated port,"partial: get_orders_for_quotation kept; the clearing of all Quotation rows (target_doc.items = []) is replaced by master's add-to-existing-rows filter (business decision 2026-10-02, Orders); the port renumbers kept rows",Order
549b99bf40cc884aa912f7bbb6f68488d10ea924,kggk,kggk:6,650,549b99bf40cc,True,Dhinesh,2026-02-13T17:43:26+05:30,fix: handle order fetching and duplicate row deletion (#650),PORT,PORT,PR merge (leaves picked; Part-of trailer),,,"partial: get_orders_for_quotation kept; the clearing of all Quotation rows (target_doc.items = []) is replaced by master's add-to-existing-rows filter (business decision 2026-10-02, Orders); the port renumbers kept rows",Order
bf903bc9444e83fbc9c202544c11824c1dbfab67,kggk,kggk:7,651,b29739303523,False,dhinesh005,2026-02-13T17:59:34+05:30,fix: add to post_model_sync,SKIP_ALREADY_IN_MASTER,SKIP_ALREADY_IN_MASTER,skip,,"SKIP_ALREADY_IN_MASTER: Master's patches.txt already contains the identical '[pre_model_sync]' and '[post_model_sync]' headers, added with master's nova-glow pa",,Patches
b297393035231c887579a4d560a122f64b788ea6,kggk,kggk:7,651,b29739303523,True,Dhinesh,2026-02-13T18:01:19+05:30,fix: add to post_model_sync (#651),SKIP_ALREADY_IN_MASTER,SKIP_ALREADY_IN_MASTER,skip,,"SKIP_ALREADY_IN_MASTER: Master's patches.txt already contains the identical '[pre_model_sync]' and '[post_model_sync]' headers, added with master's nova-glow pa",,Patches
d8b0ecf5e78d2e9f77ee581075adf2db10b3bc48,kggk,kggk:8,653,7de53ba16705,False,manikandan-s-18,2026-02-10T15:40:04+05:30,fix: handle function in Python,SKIP_SUPERSEDED,SKIP_SUPERSEDED,skip,,"SKIP_SUPERSEDED: The unit's entire effect is gone at kggk head. Unit 70 (#908) replaced both files with the MB blob, and of this unit's novel lines only 3 gener",,Order Form
e42d6d29c18e145658c2f58c0011683b1c970e27,kggk,kggk:8,653,7de53ba16705,True,manikandan-s-18,2026-02-16T13:38:21+05:30,Merge branch 'develop_aerele' of https://github.com/Gurukrupa-Export/gke_customization into fix/orderform,SKIP_SUPERSEDED,SKIP_SUPERSEDED,skip,,"SKIP_SUPERSEDED: The unit's entire effect is gone at kggk head. Unit 70 (#908) replaced both files with the MB blob, and of this unit's novel lines only 3 gener",,Order Form
7de53ba167059d8e2c9f02bf3011ab0edd1ea762,kggk,kggk:8,653,7de53ba16705,True,Dhinesh,2026-02-17T10:34:25+05:30,Fix/orderform (#653),SKIP_SUPERSEDED,SKIP_SUPERSEDED,skip,,"SKIP_SUPERSEDED: The unit's entire effect is gone at kggk head. Unit 70 (#908) replaced both files with the MB blob, and of this unit's novel lines only 3 gener",,Order Form
f0ce363961f49e4358451ae08d86c88193447ca0,kggk,kggk:9,666,e93df539c4a0,False,aditya-gkexport,2026-02-23T15:49:52+05:30,feat: Add Monthly In-Out Log Doctype,SKIP_PATCH_EQUIVALENT,SKIP_PATCH_EQUIVALENT,skip,,"SKIP_PATCH_EQUIVALENT: This is a port of master's own feature. The six files equal master@1686de8 (same author, same day) apart from a deleted 41-line commented",,HR attendance and punches
e93df539c4a023cbad49bd4a49b11bff14d65216,kggk,kggk:9,666,e93df539c4a0,True,Dhinesh,2026-02-23T15:57:06+05:30,23-03-2026 Add Monthly In-Out Log Doctype (#666),SKIP_PATCH_EQUIVALENT,SKIP_PATCH_EQUIVALENT,skip,,"SKIP_PATCH_EQUIVALENT: This is a port of master's own feature. The six files equal master@1686de8 (same author, same day) apart from a deleted 41-line commented",,HR attendance and punches
e7d0b7dbf985e80d552b46609cb7774040cdfe3a,kggk,kggk:10,,e7d0b7dbf985,False,Manikandan,2026-04-27T16:11:34+05:30,fix: convert report to Query Report for v16 compatibility,NEEDS_TECHNICAL_REVIEW,SKIP_SUPERSEDED,direct (unit merge),,empty pick: all changes on deferred paths -> consolidated port,"technical (consolidated port c7): production's Query Report form only returns data for Administrator on v16 (its JSON MultiSelect filter breaks validate_filters_permissions for other users) and ignores the date and warehouse filters; master's Script Report is kept, so the report shows master's detailed rows instead of production's item x department totals. Not asked at the 2026-10-02 checkpoint - listed for business confirmation",Stock and inventory reports
98b0474933cadff55c63402dd31f1d8e6650f581,kggk,kggk:11,749,9f3433b2715c,False,Kanishkar,2026-02-26T13:41:43+05:30,fix: add assert for data on order creation,PORT,PORT,m1 (inside PR),e673fd90a252,,,Order Form
48e09428b9249b4b8e857f65f15b7fec59e33cf6,kggk,kggk:11,749,9f3433b2715c,True,Manikandan,2026-04-27T16:57:01+05:30,fix: add assert for data on order creation (#671),PORT,PORT,m1 (inside PR),e673fd90a252,,,Order Form
0bb9412c254f9b2c9eaa63a1ae2261690bbb3eb1,kggk,kggk:11,749,9f3433b2715c,False,Shubham Keshri,2026-04-28T18:00:37+05:30,Order form Update,PORT,PORT,m1 (inside PR),e673fd90a252,,,Order Form
f1553accae6f656b376eac2e2bc6031f179acdf9,kggk,kggk:11,749,9f3433b2715c,False,Shubham Keshri,2026-04-28T19:58:36+05:30,updates in order form flow,PORT,PORT,m1 (inside PR),e673fd90a252,,,Order Form
9f3433b2715c6070bb383aedbdba7705645cfa44,kggk,kggk:11,749,9f3433b2715c,True,Manikandan,2026-04-29T17:45:41+05:30,Order form Updates (#749),PORT,PORT,m1 (unit merge),e673fd90a252,,,Order Form
0b03313a46252b7708fee93dcf1bff1ccb5c8783,kggk,kggk:12,746,f946dc8b4e42,False,Shruti Bansal,2026-04-28T13:01:01+05:30,Update Revise Price List .json,PORT,PORT,leaf,47465aed1241,,partial: master's Revise Gemstone Price List redesign replaces the old controller fields this unit added (no documents of this DocType exist on the GK copies); production's System Manager permission row is kept,Price List and Revise Price
f946dc8b4e423b8f37138bd1541e7acca57503fe,kggk,kggk:12,746,f946dc8b4e42,True,Manikandan,2026-04-30T09:54:46+05:30,Update Revise Price List .json (#746),PORT,PORT,PR merge (leaves picked; Part-of trailer),,,partial: master's Revise Gemstone Price List redesign replaces the old controller fields this unit added (no documents of this DocType exist on the GK copies); production's System Manager permission row is kept,Price List and Revise Price
3950804575e3d5d36cea63c9c45cab56a00e9743,kggk,kggk:13,750,2bb0e3ccb146,False,Kanishkar,2026-05-02T11:11:26+05:30,fix: item_group assignment in create_item_template_from_order,PORT,PORT,leaf,,empty pick: all changes on deferred paths -> consolidated port,,Item and BOM creation and KGGK replication
2bb0e3ccb146c17d783918acde1b5b743c1fab11,kggk,kggk:13,750,2bb0e3ccb146,True,Manikandan,2026-05-02T11:34:45+05:30,fix: item_group assignment in create_item_template_from_order (#750),PORT,PORT,PR merge (leaves picked; Part-of trailer),,,,Item and BOM creation and KGGK replication
999479dda70d38ea591c78ed819185094fbe59f2,kggk,kggk:14,752,254f25877f27,False,Kanishkar,2026-05-02T11:58:26+05:30,fix: item_group assignment in create_item_template_from_order v16,PORT,PORT,leaf,,empty pick: all changes on deferred paths -> consolidated port,,Item and BOM creation and KGGK replication
254f25877f2753d3dedf4f62377a633da1b3b70a,kggk,kggk:14,752,254f25877f27,True,Manikandan,2026-05-02T12:02:06+05:30,fix: item_group assignment in create_item_template_from_order v16 (#752),PORT,PORT,PR merge (leaves picked; Part-of trailer),,,,Item and BOM creation and KGGK replication
4167adcfdf18152cf79df142445f61d866cb01f3,kggk,kggk:15,758,3aa12e00e102,False,Kanishkar,2026-05-04T19:25:36+05:30,fix: remove unnecessary argument in timesheet retrieval,SKIP_ALREADY_IN_MASTER,SKIP_ALREADY_IN_MASTER,skip,,SKIP_ALREADY_IN_MASTER: Master made the identical change at the same call site in cc4d793 (2026-08-18); see master order.py:118. d_hunk_containment is 1/1. abso,,Order
3aa12e00e1026a70bee8f9752f6e17da79281cab,kggk,kggk:15,758,3aa12e00e102,True,Kanishkar V,2026-05-04T19:26:52+05:30,fix: remove unnecessary argument in timesheet retrieval (#758),SKIP_ALREADY_IN_MASTER,SKIP_ALREADY_IN_MASTER,skip,,SKIP_ALREADY_IN_MASTER: Master made the identical change at the same call site in cc4d793 (2026-08-18); see master order.py:118. d_hunk_containment is 1/1. abso,,Order
1077f4dee6b17c06126973adf4a4fb14bbc92ca6,kggk,kggk:16,759,49a4c3da9c37,False,Shubham Keshri,2026-05-05T11:13:32+05:30,order form detail changes,PORT,PORT,leaf,,empty pick: all changes on deferred paths -> consolidated port,,Order Form
49a4c3da9c37cfb9cc7edd3f3ecbc5c0e1d580cf,kggk,kggk:16,759,49a4c3da9c37,True,Manikandan,2026-05-05T12:29:55+05:30,order form detail changes (#759),PORT,PORT,PR merge (leaves picked; Part-of trailer),,,,Order Form
d2abbf2eb41c2da844fa59fd1f48cea94645a8ae,kggk,kggk:17,760,0868e53bf71c,False,Kanishkar,2026-05-05T17:52:24+05:30,fix: enhance timesheet creation for BOM with detailed time logs,PORT,PORT,leaf,,empty pick: all changes on deferred paths -> consolidated port,,Order
0868e53bf71c4a166fdae502808ada3fcc875307,kggk,kggk:17,760,0868e53bf71c,True,Kanishkar V,2026-05-05T18:13:03+05:30,fix: enhance timesheet creation for BOM with detailed time logs (#760),PORT,PORT,PR merge (leaves picked; Part-of trailer),,,,Order
8c74f2c3e49fc505773ff6845a36892fabf95be9,kggk,kggk:18,762,5ac322b67eba,False,Shubham Keshri,2026-05-05T21:14:35+05:30,Order form,SKIP_SUPERSEDED,SKIP_SUPERSEDED,skip,,"SKIP_SUPERSEDED: The unit changes one line and that change is gone at kggk head. Units 67, 70 and 68, 78 removed and then re-added the function body. Unit 84 (1",,Order Form
5ac322b67eba5f112233897653f48d0943eb7451,kggk,kggk:18,762,5ac322b67eba,True,Manikandan,2026-05-05T23:03:42+05:30,Order form (#762),SKIP_SUPERSEDED,SKIP_SUPERSEDED,skip,,"SKIP_SUPERSEDED: The unit changes one line and that change is gone at kggk head. Units 67, 70 and 68, 78 removed and then re-added the function body. Unit 84 (1",,Order Form
02c219e68b89883d0012bd5d84b317ff9d975046,kggk,kggk:19,763,8effcc39a30b,False,Shubham Keshri,2026-05-06T00:35:13+05:30,Order Criteria table Changes,PORT,PORT,leaf,81de0210e05c,,,Order Form
8effcc39a30becde954990f57ad220a0c404af76,kggk,kggk:19,763,8effcc39a30b,True,Dharm Vaghasiya,2026-05-06T00:38:28+05:30,Order Criteria table Changes (#763),PORT,PORT,PR merge (leaves picked; Part-of trailer),,,,Order Form
4c3a4d7d71f62d459369c34951410533befe3427,kggk,kggk:20,764,e6973785dddc,False,Shubham Keshri,2026-05-06T17:44:34+05:30,Order form Updates,PORT,PORT,leaf,64f15cf78af8,,,Gold Rates
e6973785dddcde4e9924d8946743b1416db6a699,kggk,kggk:20,764,e6973785dddc,True,Dharm Vaghasiya,2026-05-06T19:02:59+05:30,Order form Updates (#764),PORT,PORT,PR merge (leaves picked; Part-of trailer),,,,Gold Rates
a0aa42a48c334c5f41e6e666457a899ae1bb7ba6,kggk,kggk:21,770,19f1882756a7,False,Shubham Keshri,2026-05-07T13:02:41+05:30,order form update,PORT,PORT,leaf,,empty pick: all changes on deferred paths -> consolidated port,,Order Form
19f1882756a7559df348e19fec4e193990e93417,kggk,kggk:21,770,19f1882756a7,True,Manikandan,2026-05-07T14:02:53+05:30,order form update (#770),PORT,PORT,PR merge (leaves picked; Part-of trailer),,,,Order Form
5709d9cfdee8aeb3f74982ab95ca1206a85142b6,kggk,kggk:22,769,5709d9cfdee8,False,Manikandan,2026-05-07T14:38:28+05:30,Develop aerele (#769),PORT,PORT,direct (unit merge),,empty pick: all changes on deferred paths -> consolidated port,"partial: the Sales Invoice validate hook stays commented out as on master 3100eaf (business decision 2026-10-02, HR/Accounts); Batch autoname stays dropped (jewellery registers the same handler)",Packaging and config
973f550a5bae2bb147473066298fb970c8ea2fe1,kggk,kggk:23,772,5cf65cd5ac86,False,Shubham Keshri,2026-05-08T10:49:43+05:30,Order form update,PORT,PORT,leaf,,empty pick: all changes on deferred paths -> consolidated port,,Order Form
5cf65cd5ac861fb83549dd1729313cbe789fd2cd,kggk,kggk:23,772,5cf65cd5ac86,True,Dharm Vaghasiya,2026-05-08T11:08:29+05:30,Order form update (#772),PORT,PORT,PR merge (leaves picked; Part-of trailer),,,,Order Form
984e674dc535d88f31f0a4ada6d6969a93cd9bb1,kggk,kggk:24,774,faa55e2c8b88,False,Shubham Keshri,2026-05-08T12:58:29+05:30,Order form update,PORT,PORT,leaf,,empty pick: all changes on deferred paths -> consolidated port,,Order Form
faa55e2c8b88f82c69fc48c662d5333fba97e1ba,kggk,kggk:24,774,faa55e2c8b88,True,Dharm Vaghasiya,2026-05-08T13:02:23+05:30,Order form update (#774),PORT,PORT,PR merge (leaves picked; Part-of trailer),,,,Order Form
6dc2adec05e627ee44c2eae7c81964af86674546,kggk,kggk:25,789,421656ee9e04,False,bhavika-gkexport,2026-05-18T14:39:49+05:30,18-05-2026 bhavika's updates in version-16,SKIP_ALREADY_IN_MASTER,SKIP_ALREADY_IN_MASTER,skip,,"SKIP_ALREADY_IN_MASTER: Already in master. 22 of the 37 paths are 'same', meaning kggk head equals master. For the 15 'both' paths, a line-level check found eve",,HR attendance and punches
421656ee9e04bbfa676cb0d8ee5e935f00a15d0d,kggk,kggk:25,789,421656ee9e04,True,Manikandan,2026-05-18T16:19:17+05:30,18-05-2026 bhavika's updates in version-16 (#789),SKIP_ALREADY_IN_MASTER,SKIP_ALREADY_IN_MASTER,skip,,"SKIP_ALREADY_IN_MASTER: Already in master. 22 of the 37 paths are 'same', meaning kggk head equals master. For the 15 'both' paths, a line-level check found eve",,HR attendance and punches
76f8b56670a5b6079bfcc5d815d47efcfb97f9d7,kggk,kggk:26,792,3be028bdc8dd,False,Shubham Keshri,2026-05-19T17:00:58+05:30,Reliance Cost Sheet in order form,PORT,PORT,leaf,c3ab935a64a8,,,Order Form
3be028bdc8dd1c98e0353de8eb4b8549e566f45e,kggk,kggk:26,792,3be028bdc8dd,True,Manikandan,2026-05-19T17:37:17+05:30,Reliance Cost Sheet in order form (#792),PORT,PORT,PR merge (leaves picked; Part-of trailer),,,,Order Form
8677444fb13952e15afd85c38bf0d8a0c4f4bf5c,kggk,kggk:27,799,4734bd2f4068,False,Shubham Keshri,2026-05-26T18:13:21+05:30,Update Gold Rates,PORT,PORT,leaf,117e4db56d32,,,Gold Rates
4734bd2f4068a3fbbdcdac491ca8a41dac6c2f21,kggk,kggk:27,799,4734bd2f4068,True,Gurukrupa-Export,2026-05-26T20:01:14+05:30,Update Gold Rates (#799),PORT,PORT,PR merge (leaves picked; Part-of trailer),,,,Gold Rates
370a4e130db6b691d77084659fd6a69b4c876b61,kggk,kggk:28,808,f74d9a161046,False,Shubham Keshri,2026-05-28T11:22:39+05:30,Update Gold Rate,PORT,PORT,leaf,3991b28e5b26,,,Gold Rates
f74d9a161046fddc7a1c1b137a79249e96e86b86,kggk,kggk:28,808,f74d9a161046,True,Dhinesh,2026-05-28T11:41:51+05:30,Update Gold Rate (#808),PORT,PORT,PR merge (leaves picked; Part-of trailer),,,,Gold Rates
c4888f9dd114d9877d165983b8c5b9caec1ec576,kggk,kggk:29,809,c6b22dadd773,False,Gurukrupa-Export,2026-05-29T10:46:08+05:30,Add All Custom Fileds json,PORT,PORT,leaf,,empty pick: all changes on deferred paths -> consolidated port,"partial: fixtures curated - doctype.json keeps the 5 gke-owned DocTypes, the 46 rows jewellery already ships are dropped (see 07)",Fixtures
c6b22dadd773748cd65f96a69bcf37e9cf1438f1,kggk,kggk:29,809,c6b22dadd773,True,Manikandan,2026-05-29T10:49:14+05:30,Add All Custom Fileds json (#809),PORT,PORT,PR merge (leaves picked; Part-of trailer),,,"partial: fixtures curated - doctype.json keeps the 5 gke-owned DocTypes, the 46 rows jewellery already ships are dropped (see 07)",Fixtures
d5878c4f984914afcac6d9a4521be873db6b4433,kggk,kggk:30,,d5878c4f9849,False,Gurukrupa-Export,2026-05-29T15:03:53+05:30,Remove Unwanted Fileds from Company,PORT,PORT,direct (unit merge),,empty pick: all changes on deferred paths -> consolidated port,,Fixtures
0cc916b56d5543ae608977f45d024f0fcfd82b9e,kggk,kggk:31,810,fa7ea703a538,False,Shruti Bansal,2026-05-29T18:08:00+05:30,Add Table For Diamond Price List,SKIP_ALREADY_IN_MASTER,SKIP_ALREADY_IN_MASTER,skip,,"SKIP_ALREADY_IN_MASTER: absorbed=true. Master's files are byte-identical, and the leaf's patch-id equals master commit 2efb4021ba.",,Diamond and Gemstone pricing
fa7ea703a538a9c9cedde656467a1fb53a5df727,kggk,kggk:31,810,fa7ea703a538,True,Manikandan,2026-05-29T18:10:38+05:30,Add Table For Diamond Price List (#810),SKIP_ALREADY_IN_MASTER,SKIP_ALREADY_IN_MASTER,skip,,"SKIP_ALREADY_IN_MASTER: absorbed=true. Master's files are byte-identical, and the leaf's patch-id equals master commit 2efb4021ba.",,Diamond and Gemstone pricing
5595f066044fe7076d7a7e267f1e8146636fec36,kggk,kggk:32,818,310eb6a2152f,False,Kanishkar,2026-06-02T15:53:15+05:30,test: refactor TestOrderForm setup and update order form company name,PORT,PORT,leaf,65456104df4c,,,Tests
310eb6a2152f71d0e5c165ecc7fdb19ada9d424f,kggk,kggk:32,818,310eb6a2152f,True,Kanishkar V,2026-06-02T16:03:36+05:30,test: refactor TestOrderForm setup and update order form company name (#818),PORT,PORT,PR merge (leaves picked; Part-of trailer),,,,Tests
4c50778a6676ff8bf6b7af34f5bc2d3082204adc,kggk,kggk:33,817,b0b2aeec211b,False,Shubham Keshri,2026-06-02T12:07:28+05:30,updating revise making charge price list,SKIP_ALREADY_IN_MASTER,SKIP_ALREADY_IN_MASTER,skip,,"SKIP_ALREADY_IN_MASTER: Already in master. Of the 54 non-comment Python lines added, all are in master except `making_charge_price_doc.metal_type = self.metal_t",,Making charges
047a10398c072abcb13b1aa176cfc3d9e3e94d33,kggk,kggk:33,817,b0b2aeec211b,True,Gurukrupa-Export,2026-06-02T16:03:03+05:30,Merge branch 'v16_develop_aerele' into shubham_gke_v16,SKIP_ALREADY_IN_MASTER,SKIP_ALREADY_IN_MASTER,skip,,"SKIP_ALREADY_IN_MASTER: Already in master. Of the 54 non-comment Python lines added, all are in master except `making_charge_price_doc.metal_type = self.metal_t",,Making charges
b0b2aeec211b1379b42ccd8aa79d70c5040f54b9,kggk,kggk:33,817,b0b2aeec211b,True,Gurukrupa-Export,2026-06-02T16:04:06+05:30,updating revise making charge price list (#817),SKIP_ALREADY_IN_MASTER,SKIP_ALREADY_IN_MASTER,skip,,"SKIP_ALREADY_IN_MASTER: Already in master. Of the 54 non-comment Python lines added, all are in master except `making_charge_price_doc.metal_type = self.metal_t",,Making charges
144d907e279592860ebc112f2f0254c94431a999,kggk,kggk:34,819,d25f9f16886d,False,Shubham Keshri,2026-06-02T16:37:21+05:30,update revise diamond price list,SKIP_ALREADY_IN_MASTER,SKIP_ALREADY_IN_MASTER,skip,,"SKIP_ALREADY_IN_MASTER: Already in master: d_hunk_containment is 3/3, and master's active code (revise_diamond_price__list.py:342-352) writes the same fieldname",,Diamond and Gemstone pricing
9c1dff51bcdba5f5ce7ad2b2e8609faca27e7d75,kggk,kggk:34,819,d25f9f16886d,True,Shubham Keshri,2026-06-02T16:37:28+05:30,Merge branch 'shubham_gke_v16' of https://github.com/Gurukrupa-Export/gke_customization into shubham_gke_v16,SKIP_ALREADY_IN_MASTER,SKIP_ALREADY_IN_MASTER,skip,,"SKIP_ALREADY_IN_MASTER: Already in master: d_hunk_containment is 3/3, and master's active code (revise_diamond_price__list.py:342-352) writes the same fieldname",,Diamond and Gemstone pricing
d25f9f16886dc094bb1bfc3de52be23bf5c4a6e4,kggk,kggk:34,819,d25f9f16886d,True,Gurukrupa-Export,2026-06-02T16:50:15+05:30,updating Revise diamond changes (#819),SKIP_ALREADY_IN_MASTER,SKIP_ALREADY_IN_MASTER,skip,,"SKIP_ALREADY_IN_MASTER: Already in master: d_hunk_containment is 3/3, and master's active code (revise_diamond_price__list.py:342-352) writes the same fieldname",,Diamond and Gemstone pricing
19d8506a82088ce40c16ed850ca85ca3f153707b,kggk,kggk:35,820,a7163c14891e,False,Shubham Keshri,2026-06-03T13:15:10+05:30,Customer price list approval,PORT,PORT,leaf,60b744949508,,,Price List and Revise Price
a7163c14891ecfeefebbee1eaf78b42ad9a4798d,kggk,kggk:35,820,a7163c14891e,True,Gurukrupa-Export,2026-06-03T13:22:44+05:30,Customer price list approval (#820),PORT,PORT,PR merge (leaves picked; Part-of trailer),,,,Price List and Revise Price
97cd5942148d30594dc57c024e77d41c94f1c3db,kggk,kggk:36,822,93da16432407,False,Shubham Keshri,2026-06-03T21:15:56+05:30,Updating Revise Making Charges doctype,SKIP_ALREADY_IN_MASTER,SKIP_ALREADY_IN_MASTER,skip,,"SKIP_ALREADY_IN_MASTER: Already in master. 17 of 18 hunks are absorbed; the remaining one is the modified timestamp, and master's is newer (2026-07-22 vs 2026-0",,Making charges
a564de5ee67ac0c09bca8fded46f1f379983c590,kggk,kggk:36,822,93da16432407,True,Gurukrupa-Export,2026-06-03T19:12:36+05:30,V16 develop aerele (#821),SKIP_ALREADY_IN_MASTER,SKIP_ALREADY_IN_MASTER,skip,,"SKIP_ALREADY_IN_MASTER: Already in master. 17 of 18 hunks are absorbed; the remaining one is the modified timestamp, and master's is newer (2026-07-22 vs 2026-0",,Making charges
0ea31da40c5b16af8aeb1bb4eea79b6a42d8381f,kggk,kggk:36,822,93da16432407,True,Shubham Keshri,2026-06-03T21:16:25+05:30,Merge branch 'shubham_gke_v16' of https://github.com/Gurukrupa-Export/gke_customization into shubham_gke_v16,SKIP_ALREADY_IN_MASTER,SKIP_ALREADY_IN_MASTER,skip,,"SKIP_ALREADY_IN_MASTER: Already in master. 17 of 18 hunks are absorbed; the remaining one is the modified timestamp, and master's is newer (2026-07-22 vs 2026-0",,Making charges
93da164324070955c8d8315bca2fc8a627609ce9,kggk,kggk:36,822,93da16432407,True,Gurukrupa-Export,2026-06-03T22:14:56+05:30,Updating Revise Making Charges doctype (#822),SKIP_ALREADY_IN_MASTER,SKIP_ALREADY_IN_MASTER,skip,,"SKIP_ALREADY_IN_MASTER: Already in master. 17 of 18 hunks are absorbed; the remaining one is the modified timestamp, and master's is newer (2026-07-22 vs 2026-0",,Making charges
f72a71d97c488a052ca65083c24d53568b82182a,kggk,kggk:37,823,10f0cfa68eed,False,sahilgiri_gk,2026-06-04T11:27:34+05:30,Add sales invoice detail report,PORT,PORT,leaf,5ff3d3188e4a,,,Sales and HR reports
35d391a6cc28775715a0252bdabc3fcbab70b257,kggk,kggk:37,823,10f0cfa68eed,False,sahilgiri_gk,2026-06-04T11:28:06+05:30,Add files via upload,PORT,PORT,leaf,be7e82f465ee,,,Sales and HR reports
c32dbacef820afdf72369b66fa2e045bf5a8d061,kggk,kggk:37,823,10f0cfa68eed,False,sahilgiri_gk,2026-06-04T11:29:20+05:30,Add sales invoice summary report,PORT,PORT,leaf,20e246a4e834,,,Sales and HR reports
eee16bd040ceafcd1e570aba5ae033f68a2c109f,kggk,kggk:37,823,10f0cfa68eed,False,sahilgiri_gk,2026-06-04T11:29:50+05:30,Add files via upload,PORT,PORT,leaf,14793d712e04,,,Sales and HR reports
19bc4e67e76af3f911214caad023ecff961bc50b,kggk,kggk:37,823,10f0cfa68eed,False,sahilgiri_gk,2026-06-04T11:49:08+05:30,Add department stock detailed report,PORT,PORT,leaf,7ae741ecfcdd,,,Sales and HR reports
741d9c9265e1a7a0dabe763406cf5d2e470e9e41,kggk,kggk:37,823,10f0cfa68eed,False,sahilgiri_gk,2026-06-04T11:49:34+05:30,Add files via upload,PORT,PORT,leaf,8ae4219310ce,,,Sales and HR reports
f0225391fee088f0e136a58e0d8680b809d6350f,kggk,kggk:37,823,10f0cfa68eed,False,sahilgiri_gk,2026-06-04T11:50:38+05:30,Add Chain Issue Receive Report,PORT,PORT,leaf,8eff71735e2e,,,Sales and HR reports
8802ca3bc1914b342a788e5a4c6b12fc9985633f,kggk,kggk:37,823,10f0cfa68eed,False,sahilgiri_gk,2026-06-04T11:51:05+05:30,Add files via upload,PORT,PORT,leaf,ade6ff33d648,,,Sales and HR reports
10f0cfa68eedf0fbc3438dea30211b0339bd2954,kggk,kggk:37,823,10f0cfa68eed,True,Gurukrupa-Export,2026-06-04T13:47:26+05:30,Sahil v16 Sales Invoice Detailed And Summary report (#823),PORT,PORT,PR merge (leaves picked; Part-of trailer),,,,Sales and HR reports
03c82bedc941707ef1e1dd02a0539824f8abaec9,kggk,kggk:38,825,d5541c6535bb,True,Gurukrupa-Export,2026-06-04T16:00:52+05:30,V16 develop aerele (#824),PORT,PORT,m1 (inside PR),687a7dc04747,,,Price List and Revise Price
db35ac7c184ea4795f8a9a71b17d118dd3eaac74,kggk,kggk:38,825,d5541c6535bb,False,Gurukrupa-Export,2026-06-04T16:06:26+05:30,Update Json For Revise Diamond Price List,PORT,PORT,m1 (inside PR),687a7dc04747,,,Price List and Revise Price
d5541c6535bb13bd82f6b7796782973115b71701,kggk,kggk:38,825,d5541c6535bb,True,Gurukrupa-Export,2026-06-04T16:07:50+05:30,V16 dharm (#825),PORT,PORT,m1 (unit merge),687a7dc04747,,,Price List and Revise Price
33946d34e23383b9b8c7d8bae6d80278aa6449d3,kggk,kggk:39,833,5c19380b0138,False,sahilgiri_gk,2026-06-08T17:10:37+05:30,Fixed UI bug in Branch stock summary due to switching in dark theme,PORT,PORT,m1 (inside PR),f36d4280afeb,,,Manufacturing reports
2b436f6212e171b6bd09806236b41c8f95211a93,kggk,kggk:39,833,5c19380b0138,True,Gurukrupa-Export,2026-06-08T17:35:14+05:30,V16 develop aerele merging with my branch (#832),PORT,PORT,m1 (inside PR),f36d4280afeb,,,Manufacturing reports
829ea349553e775d0f91dddf72f7e84969162d1b,kggk,kggk:39,833,5c19380b0138,False,sahilgiri_gk,2026-06-08T17:44:28+05:30,Add missing newline at the end of branch_stock_summary.js,PORT,PORT,m1 (inside PR),f36d4280afeb,,,Manufacturing reports
dcd1b9e85852c345e6364cac8da0ce8e5d340999,kggk,kggk:39,833,5c19380b0138,False,sahilgiri_gk,2026-06-09T11:53:25+05:30,New code for bagging mr,PORT,PORT,m1 (inside PR),f36d4280afeb,,,Manufacturing reports
1402c3ea1b17c416c617c5133f123ad25407838c,kggk,kggk:39,833,5c19380b0138,False,sahilgiri_gk,2026-06-09T12:25:26+05:30,Create stone_assortment_report.py,PORT,PORT,m1 (inside PR),f36d4280afeb,,,Manufacturing reports
7ced3fceb3b307b8c8cb5bcf181aaf35eda28d3e,kggk,kggk:39,833,5c19380b0138,False,sahilgiri_gk,2026-06-09T12:34:28+05:30,Add files via upload,PORT,PORT,m1 (inside PR),f36d4280afeb,,,Manufacturing reports
26a4baffadd2671d27860abca258924be3f94760,kggk,kggk:39,833,5c19380b0138,False,sahilgiri_gk,2026-06-09T12:44:21+05:30,Add department stock issue report,PORT,PORT,m1 (inside PR),f36d4280afeb,,,Manufacturing reports
c0e51d0fd611f566ec69ae811140b875d06446cd,kggk,kggk:39,833,5c19380b0138,False,sahilgiri_gk,2026-06-09T12:45:29+05:30,Add files via upload,PORT,PORT,m1 (inside PR),f36d4280afeb,,,Manufacturing reports
cec42883ec6eb0fd147c54f299210c0e5aee3587,kggk,kggk:39,833,5c19380b0138,False,sahilgiri_gk,2026-06-09T12:48:57+05:30,Add serial number detail report,PORT,PORT,m1 (inside PR),f36d4280afeb,,,Manufacturing reports
eb87ccda1a6d5b4fe31f9c6a02255c96cc2034a5,kggk,kggk:39,833,5c19380b0138,False,sahilgiri_gk,2026-06-09T12:49:20+05:30,Add files via upload,PORT,PORT,m1 (inside PR),f36d4280afeb,,,Manufacturing reports
3d227e514c762f13bde53cafa8cad8a3a41761dd,kggk,kggk:39,833,5c19380b0138,False,sahilgiri_gk,2026-06-09T12:51:02+05:30,Add employee issue receive reports,PORT,PORT,m1 (inside PR),f36d4280afeb,,,Manufacturing reports
8712938621b74575eaff2b3064c5cf56dbda8164,kggk,kggk:39,833,5c19380b0138,False,sahilgiri_gk,2026-06-09T12:51:45+05:30,Add files via upload,PORT,PORT,m1 (inside PR),f36d4280afeb,,,Manufacturing reports
5c19380b0138abf76fbbc1ee643dd26ff46e5df3,kggk,kggk:39,833,5c19380b0138,True,Gurukrupa-Export,2026-06-09T13:04:44+05:30,Manufacturing reports updating on v16 (#833),PORT,PORT,m1 (unit merge),f36d4280afeb,,,Manufacturing reports
1da1aae4bdc9affd7caa86c62513755a6e0bfaab,kggk,kggk:40,835,bcb4b9c1cce6,True,Gurukrupa-Export,2026-06-09T15:59:57+05:30,V16 develop aerele (#834),SKIP_SUPERSEDED,SKIP_SUPERSEDED,skip,,"SKIP_SUPERSEDED: Nothing of this unit needs to land in gk_prod: the parent doctype is gone at kggk head (deleted by unit 95, replaced by Product Return Order Fo",,Product Return Order
f25cd4a4d6939edf304a5345bc2580188f0ca012,kggk,kggk:40,835,bcb4b9c1cce6,False,Gurukrupa-Export,2026-06-09T16:10:25+05:30,Add Product Return Form Doctype and Flow,SKIP_SUPERSEDED,SKIP_SUPERSEDED,skip,,"SKIP_SUPERSEDED: Nothing of this unit needs to land in gk_prod: the parent doctype is gone at kggk head (deleted by unit 95, replaced by Product Return Order Fo",,Product Return Order
bcb4b9c1cce6ceb82098bf6b27759630f218839e,kggk,kggk:40,835,bcb4b9c1cce6,True,Gurukrupa-Export,2026-06-09T16:12:38+05:30,V16 dharm (#835),SKIP_SUPERSEDED,SKIP_SUPERSEDED,skip,,"SKIP_SUPERSEDED: Nothing of this unit needs to land in gk_prod: the parent doctype is gone at kggk head (deleted by unit 95, replaced by Product Return Order Fo",,Product Return Order
a9f73804a8072e639c974c088a99b4a34c3cd755,kggk,kggk:41,840,c673ca33ff5a,False,sahilgiri_gk,2026-06-10T18:28:47+05:30,Add mould report,PORT,PORT,leaf,0fbc6c7364cf,,,Manufacturing reports
7c4aade78ae623510d1cbca17b828c5d00075f38,kggk,kggk:41,840,c673ca33ff5a,False,sahilgiri_gk,2026-06-10T18:29:22+05:30,Add files via upload,PORT,PORT,leaf,0ed99a005e8c,,,Manufacturing reports
c673ca33ff5abac28c2fe2b86f54935adbf2dbc8,kggk,kggk:41,840,c673ca33ff5a,True,Gurukrupa-Export,2026-06-10T18:51:21+05:30,mould report (#840),PORT,PORT,PR merge (leaves picked; Part-of trailer),,,,Manufacturing reports
415087e73fcbceb495ff33b30a618c155e99533a,kggk,kggk:42,841,efd81fa2d191,False,sahilgiri_gk,2026-06-11T13:00:37+05:30,Remove 'Allow Loss' field from employee issue reports,PORT,PORT,leaf,68a971d98163,,,Manufacturing reports
efd81fa2d19130106f53b48c99d1b774238aaf7e,kggk,kggk:42,841,efd81fa2d191,True,Gurukrupa-Export,2026-06-13T14:48:37+05:30,Remove 'Allow Loss' field from employee issue reports (#841),PORT,PORT,PR merge (leaves picked; Part-of trailer),,,,Manufacturing reports
5b0f901a97f83cafc0db37ac09b655a621d6a3e2,kggk,kggk:43,850,c24d209016f7,True,Gurukrupa-Export,2026-06-13T17:02:21+05:30,V16 develop aerele (#849),SKIP_ALREADY_IN_MASTER,SKIP_ALREADY_IN_MASTER,skip,,"SKIP_ALREADY_IN_MASTER: Functionally already in master: controller, JS, test and init files are identical (path class same) and the JSONs match on fields, namin",,Product Return Order
424f28b34c8cd41ef10f2c1e5e914d853f6a85e0,kggk,kggk:43,850,c24d209016f7,False,Gurukrupa-Export,2026-06-13T17:10:25+05:30,Add Doctypes,SKIP_ALREADY_IN_MASTER,SKIP_ALREADY_IN_MASTER,skip,,"SKIP_ALREADY_IN_MASTER: Functionally already in master: controller, JS, test and init files are identical (path class same) and the JSONs match on fields, namin",,Product Return Order
c24d209016f74ea4ef0b45c12311e3d10f99f859,kggk,kggk:43,850,c24d209016f7,True,Gurukrupa-Export,2026-06-13T17:11:18+05:30,V16 dharm (#850),SKIP_ALREADY_IN_MASTER,SKIP_ALREADY_IN_MASTER,skip,,"SKIP_ALREADY_IN_MASTER: Functionally already in master: controller, JS, test and init files are identical (path class same) and the JSONs match on fields, namin",,Product Return Order
c6fdce26f27b9d8df740006dd2db8eb3089d369d,kggk,kggk:44,,c6fdce26f27b,False,Gurukrupa-Export,2026-06-14T13:17:58+05:30,Add BOM Fileds in Delivery Note and Sales Invoice,PORT,PORT,direct (unit merge),965a95de1d9f,,,"Sales Order, Delivery Note and Invoice hooks"
68d4c8d8ac816d7109190471af85630c8c5cc579,kggk,kggk:45,856,020d9624e0c4,False,Shubham Keshri,2026-06-17T14:53:36+05:30,Update,PORT,PORT,leaf,,empty pick: all changes on deferred paths -> consolidated port,,Making charges
020d9624e0c41459b781015b0fd4c36af3797830,kggk,kggk:45,856,020d9624e0c4,True,Gurukrupa-Export,2026-06-17T15:21:46+05:30,Update (#856),PORT,PORT,PR merge (leaves picked; Part-of trailer),,,,Making charges
98c26335f38dd331cdea10a458cd898c2fa536a7,kggk,kggk:46,858,057fbac944d1,False,Shubham Keshri,2026-06-18T11:17:09+05:30,Updating,PORT,PORT,leaf,,empty pick: all changes on deferred paths -> consolidated port,,Making charges
057fbac944d1f163aae04db0d3d32b6af079b50d,kggk,kggk:46,858,057fbac944d1,True,Gurukrupa-Export,2026-06-18T11:29:03+05:30,Updating (#858),PORT,PORT,PR merge (leaves picked; Part-of trailer),,,,Making charges
11ae89945273b90abf61957a34adbd4da403f242,kggk,kggk:47,861,b140da522c18,False,Shubham Keshri,2026-06-18T18:51:34+05:30,update Diamond price list for sales order for kggk site,PORT,PORT,leaf,,empty pick: all changes on deferred paths -> consolidated port,,Diamond and Gemstone pricing
b140da522c18032430cab90a09b1ad3ce5122ff7,kggk,kggk:47,861,b140da522c18,True,Gurukrupa-Export,2026-06-18T18:55:37+05:30,update Diamond price list for sales order for kggk site (#861),PORT,PORT,PR merge (leaves picked; Part-of trailer),,,,Diamond and Gemstone pricing
ac25851574ef737533e029a0364ef8ac375e98cd,kggk,kggk:48,862,a887b4c45e45,False,Shubham Keshri,2026-06-18T22:14:15+05:30,Update Gemstone price list for kggk,PORT,PORT,leaf,,empty pick: all changes on deferred paths -> consolidated port,,Diamond and Gemstone pricing
a887b4c45e458075e7818a16a93c51ee0b888df8,kggk,kggk:48,862,a887b4c45e45,True,Dharm Vaghasiya,2026-06-18T22:57:10+05:30,Update Gemstone price list for kggk (#862),PORT,PORT,PR merge (leaves picked; Part-of trailer),,,,Diamond and Gemstone pricing
b71d507e9866036d4968cfc0ed729ce62d83b80b,kggk,kggk:49,864,4c231fda6b59,True,Gurukrupa-Export,2026-06-19T20:30:05+05:30,V16 develop aerele (#863),SKIP_ALREADY_IN_MASTER,SKIP_ALREADY_IN_MASTER,skip,,SKIP_ALREADY_IN_MASTER: Every surviving effect of this unit is in master (path class same for six files; the seventh differs only by a trailing newline). Nothin,,Repair Order
3001454cdc76279fe3082607d34a426c9386e64a,kggk,kggk:49,864,4c231fda6b59,False,Gurukrupa-Export,2026-06-19T20:33:51+05:30,Update Files For Repair Order Form and Repair Order,SKIP_ALREADY_IN_MASTER,SKIP_ALREADY_IN_MASTER,skip,,SKIP_ALREADY_IN_MASTER: Every surviving effect of this unit is in master (path class same for six files; the seventh differs only by a trailing newline). Nothin,,Repair Order
4c231fda6b596968df0185ed0389528fe9a23fd6,kggk,kggk:49,864,4c231fda6b59,True,Gurukrupa-Export,2026-06-19T20:34:24+05:30,V16 dharm (#864),SKIP_ALREADY_IN_MASTER,SKIP_ALREADY_IN_MASTER,skip,,SKIP_ALREADY_IN_MASTER: Every surviving effect of this unit is in master (path class same for six files; the seventh differs only by a trailing newline). Nothin,,Repair Order
6e963fc210e17590b15c2f2c7df9f5d651b84217,kggk,kggk:50,867,c72dab260836,False,Shubham Keshri,2026-06-21T13:54:00+05:30,Create item and bom in uat kggk site,SKIP_ALREADY_IN_MASTER,SKIP_ALREADY_IN_MASTER,skip,,"SKIP_ALREADY_IN_MASTER: Master already has this feature. Master commit ece7b4e ('Item Creation Code', 2026-07-28, same developer) ported create_item_kggk/create",,Item and BOM creation and KGGK replication
c72dab2608366913d50babbeefe0da7cc4f6b969,kggk,kggk:50,867,c72dab260836,True,Gurukrupa-Export,2026-06-21T14:09:20+05:30,Create item and bom in uat kggk site (#867),SKIP_ALREADY_IN_MASTER,SKIP_ALREADY_IN_MASTER,skip,,"SKIP_ALREADY_IN_MASTER: Master already has this feature. Master commit ece7b4e ('Item Creation Code', 2026-07-28, same developer) ported create_item_kggk/create",,Item and BOM creation and KGGK replication
d0e61af45753fa3aca4b588a7a3fb69d3a1be0ed,kggk,kggk:51,869,0ccb08995b8b,True,Gurukrupa-Export,2026-06-21T16:33:36+05:30,V16 develop aerele (#868),SKIP_ALREADY_IN_MASTER,SKIP_ALREADY_IN_MASTER,skip,,"SKIP_ALREADY_IN_MASTER: path_classes is 'same' for all three files, so master head equals kggk head. Every line of this unit that survives (75-100%) is therefor",,Repair Order
e37e7af214eb16b3bc7643bf9eb1d20c7265f5e5,kggk,kggk:51,869,0ccb08995b8b,False,Gurukrupa-Export,2026-06-22T00:03:08+05:30,Update Repair Order,SKIP_ALREADY_IN_MASTER,SKIP_ALREADY_IN_MASTER,skip,,"SKIP_ALREADY_IN_MASTER: path_classes is 'same' for all three files, so master head equals kggk head. Every line of this unit that survives (75-100%) is therefor",,Repair Order
0ccb08995b8b9b81c2b04c59f489829c5f3846c1,kggk,kggk:51,869,0ccb08995b8b,True,Gurukrupa-Export,2026-06-22T00:03:54+05:30,V16 dharm (#869),SKIP_ALREADY_IN_MASTER,SKIP_ALREADY_IN_MASTER,skip,,"SKIP_ALREADY_IN_MASTER: path_classes is 'same' for all three files, so master head equals kggk head. Every line of this unit that survives (75-100%) is therefor",,Repair Order
0ad99e8b69bfae50ec76dd8a5d841d8190682ad8,kggk,kggk:52,871,1d04e98ba853,True,Shruti Bansal,2026-06-22T12:04:07+05:30,V16 develop aerele (#870),SKIP_ALREADY_IN_MASTER,SKIP_ALREADY_IN_MASTER,skip,,"SKIP_ALREADY_IN_MASTER: d_hunk_containment is 1/1 absorbed, and master item.py line 2 is 'import requests'. This is a fix to unit 50, which is itself in master.",,Item and BOM creation and KGGK replication
24cfed65057c0594f3ec44c477317b70f25e05a5,kggk,kggk:52,871,1d04e98ba853,False,Shruti Bansal,2026-06-22T12:07:03+05:30,Update Item.py,SKIP_ALREADY_IN_MASTER,SKIP_ALREADY_IN_MASTER,skip,,"SKIP_ALREADY_IN_MASTER: d_hunk_containment is 1/1 absorbed, and master item.py line 2 is 'import requests'. This is a fix to unit 50, which is itself in master.",,Item and BOM creation and KGGK replication
1d04e98ba85393fb1e43b1161ecf7bfc4df25c19,kggk,kggk:52,871,1d04e98ba853,True,Gurukrupa-Export,2026-06-22T12:15:22+05:30,Sb aerele l (#871),SKIP_ALREADY_IN_MASTER,SKIP_ALREADY_IN_MASTER,skip,,"SKIP_ALREADY_IN_MASTER: d_hunk_containment is 1/1 absorbed, and master item.py line 2 is 'import requests'. This is a fix to unit 50, which is itself in master.",,Item and BOM creation and KGGK replication
edbf20cd47dc44338fe01067944827b5db3cc29c,kggk,kggk:53,872,7a1ea3d7b8a3,False,Shruti Bansal,2026-06-22T12:53:54+05:30,Update Repair Order . py,SKIP_ALREADY_IN_MASTER,SKIP_ALREADY_IN_MASTER,skip,,SKIP_ALREADY_IN_MASTER: item.py hunks are 2/2 absorbed: master create_bom_kggk lines 971 and 985 are the same commented lines. repair_order.py has path class 's,,Repair Order
75f6702ab6a459f48baba75385d7febdce5cecbf,kggk,kggk:53,872,7a1ea3d7b8a3,False,Shruti Bansal,2026-06-22T14:18:49+05:30,Update Item . py,SKIP_ALREADY_IN_MASTER,SKIP_ALREADY_IN_MASTER,skip,,SKIP_ALREADY_IN_MASTER: item.py hunks are 2/2 absorbed: master create_bom_kggk lines 971 and 985 are the same commented lines. repair_order.py has path class 's,,Repair Order
7a1ea3d7b8a3c33ad314580dc36168b320aaa554,kggk,kggk:53,872,7a1ea3d7b8a3,True,Gurukrupa-Export,2026-06-22T14:25:27+05:30,Sb aerele l (#872),SKIP_ALREADY_IN_MASTER,SKIP_ALREADY_IN_MASTER,skip,,SKIP_ALREADY_IN_MASTER: item.py hunks are 2/2 absorbed: master create_bom_kggk lines 971 and 985 are the same commented lines. repair_order.py has path class 's,,Repair Order
bfe90a81792cf3719dbc3b1ba9edf54b231f8d52,kggk,kggk:54,873,aebd145e4869,False,Shubham Keshri,2026-06-22T15:39:01+05:30,Update item.py,SKIP_SUPERSEDED,SKIP_SUPERSEDED,skip,,"SKIP_SUPERSEDED: The entire effect is gone at kggk head: hooks are active and the functions are active again (unit 57, later unit 111). It was a temporary disab",,Item and BOM creation and KGGK replication
f73ebc89ecc1471e7ce3d1bf3380d8d3f081ac47,kggk,kggk:54,873,aebd145e4869,False,Shubham Keshri,2026-06-22T15:43:48+05:30,Item Creation Update,SKIP_SUPERSEDED,SKIP_SUPERSEDED,skip,,"SKIP_SUPERSEDED: The entire effect is gone at kggk head: hooks are active and the functions are active again (unit 57, later unit 111). It was a temporary disab",,Item and BOM creation and KGGK replication
795ada4a8401b110db262c5edfd2070ddbaf394e,kggk,kggk:54,873,aebd145e4869,True,Gurukrupa-Export,2026-06-22T15:59:23+05:30,Merge branch 'v16_develop_aerele' into shubham_gke_v16,SKIP_SUPERSEDED,SKIP_SUPERSEDED,skip,,"SKIP_SUPERSEDED: The entire effect is gone at kggk head: hooks are active and the functions are active again (unit 57, later unit 111). It was a temporary disab",,Item and BOM creation and KGGK replication
aebd145e48694b5a4b1dc3b582d9de7550d446ad,kggk,kggk:54,873,aebd145e4869,True,Gurukrupa-Export,2026-06-22T15:59:37+05:30,Shubham gke v16 (#873),SKIP_SUPERSEDED,SKIP_SUPERSEDED,skip,,"SKIP_SUPERSEDED: The entire effect is gone at kggk head: hooks are active and the functions are active again (unit 57, later unit 111). It was a temporary disab",,Item and BOM creation and KGGK replication
bcbd791c96d50106267a0e68ade030516892a909,kggk,kggk:55,874,43fddcb04c71,False,Shruti Bansal,2026-06-22T16:43:02+05:30,Update Repair Order . py,SKIP_SUPERSEDED,SKIP_SUPERSEDED,skip,,"SKIP_SUPERSEDED: The entire effect is gone at kggk head (survival 0.0). Unit 114 reintroduced the comma when it synced the file to master's content, and the bug",,Repair Order
43fddcb04c7156a6f20ba7e8624de8b59c51efe1,kggk,kggk:55,874,43fddcb04c71,True,Gurukrupa-Export,2026-06-22T16:46:53+05:30,Update Repair Order . py (#874),SKIP_SUPERSEDED,SKIP_SUPERSEDED,skip,,"SKIP_SUPERSEDED: The entire effect is gone at kggk head (survival 0.0). Unit 114 reintroduced the comma when it synced the file to master's content, and the bug",,Repair Order
ff6b73a113984c3e16f00536aba490e7d061caaa,kggk,kggk:56,877,a714c9922cd9,False,Shruti Bansal,2026-06-22T18:41:12+05:30,Update Order . py,SKIP_REVERTED,SKIP_REVERTED,skip,,SKIP_REVERTED: Net-zero pair with unit 60. The pid-based revert detection missed it because the revert is a comment-out rather than a deletion.,,Order
a714c9922cd95730e288440fc4543b1f29b871e4,kggk,kggk:56,877,a714c9922cd9,True,Gurukrupa-Export,2026-06-22T22:24:21+05:30,Update Order . py (#877),SKIP_REVERTED,SKIP_REVERTED,skip,,SKIP_REVERTED: Net-zero pair with unit 60. The pid-based revert detection missed it because the revert is a comment-out rather than a deletion.,,Order
b9b2997d15d8cdd1a911856a5fb1695536d2876d,kggk,kggk:57,879,a0e105067646,False,Shubham Keshri,2026-06-22T19:06:18+05:30,Updates for Item and Bom Creation in KGGK Site,NEEDS_TECHNICAL_REVIEW,PORT,leaf,,empty pick: all changes on deferred paths -> consolidated port,technical review resolved in consolidated port c1 (hooks/pyproject): Data Migration in KGGK gating kept; requests pin relaxed to >=2.32.0 (frappe 16 pins ~=2.33),Item and BOM creation and KGGK replication
a0e105067646f05402046909f106afc00917d4f2,kggk,kggk:57,879,a0e105067646,True,Gurukrupa-Export,2026-06-22T22:25:10+05:30,Updates for Item and Bom Creation in KGGK Site (#879),NEEDS_TECHNICAL_REVIEW,PORT,PR merge (leaves picked; Part-of trailer),,,technical review resolved in consolidated port c1 (hooks/pyproject): Data Migration in KGGK gating kept; requests pin relaxed to >=2.32.0 (frappe 16 pins ~=2.33),Item and BOM creation and KGGK replication
90f32340c38a4c1f78624440ef0f7de394404f6e,kggk,kggk:58,882,41179f265deb,False,Shubham Keshri,2026-06-22T23:37:05+05:30,update Item in GKgk,SKIP_ALREADY_IN_MASTER,SKIP_ALREADY_IN_MASTER,skip,,"SKIP_ALREADY_IN_MASTER: Master already leaves variant_of out of updates, in a corrected and extended form. Nothing extra from this unit needs carrying, and kggk",,Item and BOM creation and KGGK replication
41179f265deb8a0d2587d46d9867c1885d3f642c,kggk,kggk:58,882,41179f265deb,True,Gurukrupa-Export,2026-06-22T23:43:48+05:30,update Item in GKgk (#882),SKIP_ALREADY_IN_MASTER,SKIP_ALREADY_IN_MASTER,skip,,"SKIP_ALREADY_IN_MASTER: Master already leaves variant_of out of updates, in a corrected and extended form. Nothing extra from this unit needs carrying, and kggk",,Item and BOM creation and KGGK replication
80e91bfd143709460af987171ed296f57fced7d1,kggk,kggk:59,883,324edbc5bd7a,False,Shubham Keshri,2026-06-23T12:34:39+05:30,update item.py fieldname,PORT,SKIP_SUPERSEDED,leaf,,empty pick: all changes on deferred paths -> consolidated port,"technical (consolidated port c3): master's black_bead/black_bead_line BOM payload keys win - master's deliberate rename (ece7b4e) is newer, black_bead is the field that holds data on the GK side, and the receiving KG site has no black_beed field, so production's keys were silently ignored",Item and BOM creation and KGGK replication
324edbc5bd7af6e72789e7a3fd32d31df691481a,kggk,kggk:59,883,324edbc5bd7a,True,Gurukrupa-Export,2026-06-23T12:38:07+05:30,update item.py fieldname (#883),PORT,SKIP_SUPERSEDED,PR merge (leaves picked; Part-of trailer),,,"technical (consolidated port c3): master's black_bead/black_bead_line BOM payload keys win - master's deliberate rename (ece7b4e) is newer, black_bead is the field that holds data on the GK side, and the receiving KG site has no black_beed field, so production's keys were silently ignored",Item and BOM creation and KGGK replication
168c9fcfc202b392df860f14bae7c07158d082f2,kggk,kggk:60,885,0c191e3f668d,True,Gurukrupa-Export,2026-06-22T22:24:38+05:30,V16 develop aerele (#878),SKIP_REVERTED,SKIP_REVERTED,skip,,"SKIP_REVERTED: Undoes unit 56. Together they leave only a comment, so there is no behaviour to port.",,Order
4c3fa37ee948e09f66522b08fec571cfe68122e7,kggk,kggk:60,885,0c191e3f668d,True,Shruti Bansal,2026-06-23T13:44:47+05:30,V16 develop aerele (#884),SKIP_REVERTED,SKIP_REVERTED,skip,,"SKIP_REVERTED: Undoes unit 56. Together they leave only a comment, so there is no behaviour to port.",,Order
b639931ed1776cc429dcb1e2f054a8684e692c09,kggk,kggk:60,885,0c191e3f668d,False,Shruti Bansal,2026-06-23T14:19:06+05:30,Update Order . py,SKIP_REVERTED,SKIP_REVERTED,skip,,"SKIP_REVERTED: Undoes unit 56. Together they leave only a comment, so there is no behaviour to port.",,Order
0c191e3f668daa3bdb1a48a0a731c52bd4dd5952,kggk,kggk:60,885,0c191e3f668d,True,Gurukrupa-Export,2026-06-23T14:22:20+05:30,Sb aerele l (#885),SKIP_REVERTED,SKIP_REVERTED,skip,,"SKIP_REVERTED: Undoes unit 56. Together they leave only a comment, so there is no behaviour to port.",,Order
ba5a7bef9aad5d921f61797219658f9f5a382ef1,kggk,kggk:61,887,3a75b2ee6860,True,Gurukrupa-Export,2026-06-23T15:24:41+05:30,V16 develop aerele (#886),SKIP_SUPERSEDED,SKIP_SUPERSEDED,skip,,SKIP_SUPERSEDED: The entire effect is gone at kggk head (survival 0.0); unit 114 reintroduced the bug when it synced repair_order.py to master's content. master,,Repair Order
2c8c0dae81377edbfcd6af6de662de0eae9a1348,kggk,kggk:61,887,3a75b2ee6860,False,Gurukrupa-Export,2026-06-23T15:26:24+05:30,Remove Coma from File,SKIP_SUPERSEDED,SKIP_SUPERSEDED,skip,,SKIP_SUPERSEDED: The entire effect is gone at kggk head (survival 0.0); unit 114 reintroduced the bug when it synced repair_order.py to master's content. master,,Repair Order
3a75b2ee6860858a76bda143807e6741945633ef,kggk,kggk:61,887,3a75b2ee6860,True,Gurukrupa-Export,2026-06-23T15:27:14+05:30,V16 dharm (#887),SKIP_SUPERSEDED,SKIP_SUPERSEDED,skip,,SKIP_SUPERSEDED: The entire effect is gone at kggk head (survival 0.0); unit 114 reintroduced the bug when it synced repair_order.py to master's content. master,,Repair Order
df79853eed5b35fe006f2c029647fb170a29ad2a,kggk,kggk:62,888,31a2af21e904,False,Shruti Bansal,2026-06-23T15:27:29+05:30,Update Repair Order . py,SKIP_ALREADY_IN_MASTER,SKIP_ALREADY_IN_MASTER,skip,,"SKIP_ALREADY_IN_MASTER: Master has the same logic in Order.on_update_after_submit, as a superset with the product_bom write. The hunk was not textually absorbed",,Repair Order
fd54dc7c40badc76b1fcdf7acea929a8ddde6071,kggk,kggk:62,888,31a2af21e904,False,Shruti Bansal,2026-06-23T15:45:59+05:30,Update Order . py,SKIP_ALREADY_IN_MASTER,SKIP_ALREADY_IN_MASTER,skip,,"SKIP_ALREADY_IN_MASTER: Master has the same logic in Order.on_update_after_submit, as a superset with the product_bom write. The hunk was not textually absorbed",,Repair Order
31a2af21e9041afc9de1eff7a94a7d8230583ab3,kggk,kggk:62,888,31a2af21e904,True,Gurukrupa-Export,2026-06-23T16:03:54+05:30,Sb aerele l (#888),SKIP_ALREADY_IN_MASTER,SKIP_ALREADY_IN_MASTER,skip,,"SKIP_ALREADY_IN_MASTER: Master has the same logic in Order.on_update_after_submit, as a superset with the product_bom write. The hunk was not textually absorbed",,Repair Order
4712df710ff33ba4c3a137078e977a57770c9cc7,kggk,kggk:63,890,a2df7b513a04,True,Gurukrupa-Export,2026-06-23T19:10:15+05:30,V16 develop aerele (#889),SKIP_ALREADY_IN_MASTER,SKIP_ALREADY_IN_MASTER,skip,,SKIP_ALREADY_IN_MASTER: Only the layout differs from master; the field and its behaviour are already there. The title match with master 06b208f6a5 is coincident,,Repair Order
4c09e0b6744add96968f87cdc4dc0d850be77900,kggk,kggk:63,890,a2df7b513a04,False,Gurukrupa-Export,2026-06-23T19:16:26+05:30,Update Order.json,SKIP_ALREADY_IN_MASTER,SKIP_ALREADY_IN_MASTER,skip,,SKIP_ALREADY_IN_MASTER: Only the layout differs from master; the field and its behaviour are already there. The title match with master 06b208f6a5 is coincident,,Repair Order
a2df7b513a04f5c38da1068b8445e74fdf63f653,kggk,kggk:63,890,a2df7b513a04,True,Gurukrupa-Export,2026-06-23T19:17:15+05:30,V16 dharm (#890),SKIP_ALREADY_IN_MASTER,SKIP_ALREADY_IN_MASTER,skip,,SKIP_ALREADY_IN_MASTER: Only the layout differs from master; the field and its behaviour are already there. The title match with master 06b208f6a5 is coincident,,Repair Order
e3c4e36bc30624d2ee449ee198a3e1b59cbbc03c,kggk,kggk:64,892,662fc2c0cbaa,False,Shruti Bansal,2026-06-23T20:29:07+05:30,Update Product Return .py,SKIP_SUPERSEDED,SKIP_SUPERSEDED,skip,,SKIP_SUPERSEDED: The entire effect is gone at kggk head: the file no longer exists (survival 0.0). The leftover_d path product_return_order_form.py is the succe,,Product Return Order
df722cea8c4b95e126da814d2763b0a0d6de3277,kggk,kggk:64,892,662fc2c0cbaa,True,Shruti Bansal,2026-06-23T20:30:48+05:30,V16 develop aerele (#891),SKIP_SUPERSEDED,SKIP_SUPERSEDED,skip,,SKIP_SUPERSEDED: The entire effect is gone at kggk head: the file no longer exists (survival 0.0). The leftover_d path product_return_order_form.py is the succe,,Product Return Order
c67f8c9f13c399e5a3eef8f92de9591395d14d96,kggk,kggk:64,892,662fc2c0cbaa,True,Shruti Bansal,2026-06-23T20:31:09+05:30,Merge branch 'sb_aerele_l' of https://github.com/Gurukrupa-Export/gke_customization into sb_aerele_l,SKIP_SUPERSEDED,SKIP_SUPERSEDED,skip,,SKIP_SUPERSEDED: The entire effect is gone at kggk head: the file no longer exists (survival 0.0). The leftover_d path product_return_order_form.py is the succe,,Product Return Order
662fc2c0cbaafc2f529622d7d784159ac7fa9dc2,kggk,kggk:64,892,662fc2c0cbaa,True,Gurukrupa-Export,2026-06-23T21:35:38+05:30,Sb aerele l (#892),SKIP_SUPERSEDED,SKIP_SUPERSEDED,skip,,SKIP_SUPERSEDED: The entire effect is gone at kggk head: the file no longer exists (survival 0.0). The leftover_d path product_return_order_form.py is the succe,,Product Return Order
841c098fedc5ad8ef4082b57b03f6819d49abdf1,kggk,kggk:65,895,2f68217c736c,False,Shubham Keshri,2026-06-23T22:49:29+05:30,Update for BOM API,SKIP_ALREADY_IN_MASTER,SKIP_ALREADY_IN_MASTER,skip,,"SKIP_ALREADY_IN_MASTER: absorbed=true is confirmed: master item.py create_bom_kggk has '# ""company"": doc.company,'.",,Item and BOM creation and KGGK replication
2f68217c736c10944d2463ded3e863e5f450e195,kggk,kggk:65,895,2f68217c736c,True,Gurukrupa-Export,2026-06-23T22:54:38+05:30,Update for BOM API (#895),SKIP_ALREADY_IN_MASTER,SKIP_ALREADY_IN_MASTER,skip,,"SKIP_ALREADY_IN_MASTER: absorbed=true is confirmed: master item.py create_bom_kggk has '# ""company"": doc.company,'.",,Item and BOM creation and KGGK replication
66fc8b5d1db37a4ddf2ea9281b75532c9fa22bb9,kggk,kggk:66,901,947cf74b689d,False,Shubham Keshri,2026-06-24T14:52:07+05:30,updating Api for Item Creation,SKIP_ALREADY_IN_MASTER,SKIP_ALREADY_IN_MASTER,skip,,SKIP_ALREADY_IN_MASTER: The behaviour survives at kggk head only through unit 111's rewritten line; this unit's exact line now sits in a commented-out copy (sur,,Item and BOM creation and KGGK replication
947cf74b689dacf5a0e3916fb21535e461ceb335,kggk,kggk:66,901,947cf74b689d,True,Gurukrupa-Export,2026-06-24T14:55:48+05:30,updating Api for Item Creation (#901),SKIP_ALREADY_IN_MASTER,SKIP_ALREADY_IN_MASTER,skip,,SKIP_ALREADY_IN_MASTER: The behaviour survives at kggk head only through unit 111's rewritten line; this unit's exact line now sits in a commented-out copy (sur,,Item and BOM creation and KGGK replication
2bf9c5e657a62df06311005a77d84bf45dd5c4e7,kggk,kggk:67,900,099f93dadf64,True,Shruti Bansal,2026-06-24T14:23:02+05:30,V16 develop aerele (#899),SKIP_REVERTED,SKIP_REVERTED,skip,,SKIP_REVERTED by #902,,Order Form
dab91d91d85be36717ed0e9b1699f05e276e9207,kggk,kggk:67,900,099f93dadf64,False,Shruti Bansal,2026-06-24T14:29:46+05:30,Update Order And Order Form,SKIP_REVERTED,SKIP_REVERTED,skip,,SKIP_REVERTED by #902,,Order Form
099f93dadf64ef37f3daf63d7e6ef639626ecae5,kggk,kggk:67,900,099f93dadf64,True,Gurukrupa-Export,2026-06-24T15:17:09+05:30,Sb aerele l (#900),SKIP_REVERTED,SKIP_REVERTED,skip,,SKIP_REVERTED by #902,,Order Form
9d78e91644c54c7f9b91af92bd1c41b0264235f8,kggk,kggk:68,902,d360a42f6972,False,Manikandan,2026-06-24T16:01:21+05:30,"Revert ""Sb aerele l""",SKIP_REVERTED,SKIP_REVERTED,skip,,SKIP_REVERTED (reverts #900),,Order Form
d360a42f69729ca4adce9e9d45ada00a61d7f3e1,kggk,kggk:68,902,d360a42f6972,True,Manikandan,2026-06-24T16:01:43+05:30,"Revert ""Sb aerele l"" (#902)",SKIP_REVERTED,SKIP_REVERTED,skip,,SKIP_REVERTED (reverts #900),,Order Form
5401ac8b7f12e6e7a3750a04024ace3dc2e596ea,kggk,kggk:69,911,24f9193fe9c3,False,Shubham Keshri,2026-06-25T16:23:14+05:30,update Data Migration Single Doc,SKIP_ALREADY_IN_MASTER,SKIP_ALREADY_IN_MASTER,skip,,SKIP_ALREADY_IN_MASTER: Every field this unit adds exists in master's data_migration_in_kggk.json with the same fieldtype. Master's JSON is a superset (it adds ,,Data Migration in KGGK
24f9193fe9c384135d79a607f6de3def3003e732,kggk,kggk:69,911,24f9193fe9c3,True,Gurukrupa-Export,2026-06-25T16:48:50+05:30,update Data Migration Single Doc (#911),SKIP_ALREADY_IN_MASTER,SKIP_ALREADY_IN_MASTER,skip,,SKIP_ALREADY_IN_MASTER: Every field this unit adds exists in master's data_migration_in_kggk.json with the same fieldtype. Master's JSON is a superset (it adds ,,Data Migration in KGGK
b3ff744ba9d09a03ae87819c8ca10caded7bc1cd,kggk,kggk:70,908,174e9f1249e4,True,Shruti Bansal,2026-06-24T19:04:12+05:30,V16 develop aerele (#907),SKIP_ALREADY_IN_MASTER,SKIP_ALREADY_IN_MASTER,skip,,"SKIP_ALREADY_IN_MASTER: Blob identity: after this unit, order_form.py (d5728a1) and order_form.js (f86f381) equal refs/recon/base/mb's blobs and master's as of ",,Order Form
6d9313248dcea1ce1c0c08e7a0b129b05ee4d11e,kggk,kggk:70,908,174e9f1249e4,False,Shruti Bansal,2026-06-24T19:07:27+05:30,Update Order Form . Py,SKIP_ALREADY_IN_MASTER,SKIP_ALREADY_IN_MASTER,skip,,"SKIP_ALREADY_IN_MASTER: Blob identity: after this unit, order_form.py (d5728a1) and order_form.js (f86f381) equal refs/recon/base/mb's blobs and master's as of ",,Order Form
90a123f5ac40849bc32f5264a8f10de01a65f7e6,kggk,kggk:70,908,174e9f1249e4,False,Shruti Bansal,2026-06-24T19:08:32+05:30,Update Order Form .js,SKIP_ALREADY_IN_MASTER,SKIP_ALREADY_IN_MASTER,skip,,"SKIP_ALREADY_IN_MASTER: Blob identity: after this unit, order_form.py (d5728a1) and order_form.js (f86f381) equal refs/recon/base/mb's blobs and master's as of ",,Order Form
174e9f1249e48daf32234388a5d175d8c721a666,kggk,kggk:70,908,174e9f1249e4,True,Gurukrupa-Export,2026-06-25T16:54:17+05:30,Shrutib aerele (#908),SKIP_ALREADY_IN_MASTER,SKIP_ALREADY_IN_MASTER,skip,,"SKIP_ALREADY_IN_MASTER: Blob identity: after this unit, order_form.py (d5728a1) and order_form.js (f86f381) equal refs/recon/base/mb's blobs and master's as of ",,Order Form
17fb2456a38e66783c8619eb32eb3fc99a81027e,kggk,kggk:71,914,f87bdc5621c2,False,Shruti Bansal,2026-06-24T16:08:58+05:30,Update Order Form .PY,SKIP_REVERTED,SKIP_REVERTED,skip,,SKIP_REVERTED by #916,,Order Form
8b39978d7600393597cf2685a736984023076c41,kggk,kggk:71,914,f87bdc5621c2,True,Shruti Bansal,2026-06-26T12:32:49+05:30,V16 develop aerele (#912),SKIP_REVERTED,SKIP_REVERTED,skip,,SKIP_REVERTED by #916,,Order Form
ab1162e9c5d3f0439c3d3c6fbece98572088dcc5,kggk,kggk:71,914,f87bdc5621c2,False,Shruti Bansal,2026-06-27T10:59:51+05:30,Update Order Form . py,SKIP_REVERTED,SKIP_REVERTED,skip,,SKIP_REVERTED by #916,,Order Form
f87bdc5621c2ec542a956843d268ff1fd64006b8,kggk,kggk:71,914,f87bdc5621c2,True,Gurukrupa-Export,2026-06-27T11:40:16+05:30,Sb aerele l (#914),SKIP_REVERTED,SKIP_REVERTED,skip,,SKIP_REVERTED by #916,,Order Form
f6cc6b1bff15c36d596b7290f4eb2547a721f0c4,kggk,kggk:72,913,f875de685816,False,Shruti Bansal,2026-06-26T12:41:31+05:30,Update Order files,SKIP_REVERTED,SKIP_REVERTED,skip,,SKIP_REVERTED by #917,,Order
f875de685816c3094123aa0242d310ae93980925,kggk,kggk:72,913,f875de685816,True,Gurukrupa-Export,2026-06-27T11:41:27+05:30,Update Order files (#913),SKIP_REVERTED,SKIP_REVERTED,skip,,SKIP_REVERTED by #917,,Order
b8c06d712768fe5f34c18a14d74733f729879800,kggk,kggk:73,916,9067f1c4dd88,False,Gurukrupa-Export,2026-06-27T15:03:20+05:30,"Revert ""Sb aerele l""",SKIP_REVERTED,SKIP_REVERTED,skip,,SKIP_REVERTED (reverts #914),,Order Form
9067f1c4dd8869725e4b218dadbd86cb7bbe1d63,kggk,kggk:73,916,9067f1c4dd88,True,Gurukrupa-Export,2026-06-27T15:03:34+05:30,"Revert ""Sb aerele l"" (#916)",SKIP_REVERTED,SKIP_REVERTED,skip,,SKIP_REVERTED (reverts #914),,Order Form
c731e5d7a7a6f2271f3d89a32e0dbce62830d57d,kggk,kggk:74,917,95b5b3b66b23,False,Gurukrupa-Export,2026-06-27T15:05:34+05:30,"Revert ""Update Order files""",SKIP_REVERTED,SKIP_REVERTED,skip,,SKIP_REVERTED (reverts #913),,Order
95b5b3b66b238562cb56a32c8db3795b1c01eea9,kggk,kggk:74,917,95b5b3b66b23,True,Gurukrupa-Export,2026-06-27T15:05:49+05:30,"Revert ""Update Order files"" (#917)",SKIP_REVERTED,SKIP_REVERTED,skip,,SKIP_REVERTED (reverts #913),,Order
ee80d8cea1f255aab7f851c08e0515be219af26e,kggk,kggk:75,920,75d4195722ca,False,bhavika-gkexport,2026-06-30T17:05:36+05:30,30-06-2026 Update in version 16 for gke hrms module,SKIP_PATCH_EQUIVALENT,SKIP_PATCH_EQUIVALENT,skip,,"SKIP_PATCH_EQUIVALENT: Every substantive change is already in master. The same developer pushed it there as a3b84bb (22-06-2026: attendance.py, monthly_summery.",,HR attendance and punches
75d4195722ca687f8066c77128a16a540845b9e0,kggk,kggk:75,920,75d4195722ca,True,bhavika-gkexport,2026-06-30T17:23:28+05:30,30-06-2026 Update in version 16 for gke hrms module (#920),SKIP_PATCH_EQUIVALENT,SKIP_PATCH_EQUIVALENT,skip,,"SKIP_PATCH_EQUIVALENT: Every substantive change is already in master. The same developer pushed it there as a3b84bb (22-06-2026: attendance.py, monthly_summery.",,HR attendance and punches
2c2f07969f85675d3649c55192611625adda4760,kggk,kggk:76,926,777eae6618b1,False,sandeep-m-gk,2026-07-01T20:09:16+05:30,Order Detail Report,PORT,PORT,leaf,fc51b2fac0e6,,,Manufacturing reports
777eae6618b1270fa8c8afe970e404116eb58f23,kggk,kggk:76,926,777eae6618b1,True,Gurukrupa-Export,2026-07-02T09:33:06+05:30,Order Detail Report (#926),PORT,PORT,PR merge (leaves picked; Part-of trailer),,,,Manufacturing reports
7ba2b7a0c58011c731fb2f8201b304fb901dcf1e,kggk,kggk:77,930,f374adb9bcc1,True,sandeep-m-gk,2026-07-02T12:47:17+05:30,BACKUP (#929),PORT,PORT,m1 (inside PR),c7c46e4ae73c,,,Manufacturing reports
4f9ff377f554f925081237fcbe9cf15981e2f169,kggk,kggk:77,930,f374adb9bcc1,False,sandeep-m-gk,2026-07-02T12:51:32+05:30,2 New Report,PORT,PORT,m1 (inside PR),c7c46e4ae73c,,,Manufacturing reports
f374adb9bcc1e6d2e691e4cb7ed9e64e10c8c074,kggk,kggk:77,930,f374adb9bcc1,True,Gurukrupa-Export,2026-07-02T12:52:51+05:30,2 new reports addition (#930),PORT,PORT,m1 (unit merge),c7c46e4ae73c,,,Manufacturing reports
1b2d42827e7dcf7ebab350b2558825501266e370,kggk,kggk:78,928,a8d94cd038fb,True,Shubham Keshri,2026-07-01T20:53:40+05:30,V16 develop aerele (#927),PORT,PORT,m1 (inside PR),,empty pick: all changes on deferred paths -> consolidated port,,Order Form
2202b435582d7b5c9250a23ac560afe07d31245a,kggk,kggk:78,928,a8d94cd038fb,False,Shubham Keshri,2026-07-01T21:08:39+05:30,Order From Updates,PORT,PORT,m1 (inside PR),,empty pick: all changes on deferred paths -> consolidated port,,Order Form
7f32edc77ac295c356cbdbf1b4d3b44cbec4993f,kggk,kggk:78,928,a8d94cd038fb,False,Shubham Keshri,2026-07-02T10:12:32+05:30,update order forms,PORT,PORT,m1 (inside PR),,empty pick: all changes on deferred paths -> consolidated port,,Order Form
96c442c03a05c57058018dcaf35977bd8b110208,kggk,kggk:78,928,a8d94cd038fb,False,Shubham Keshri,2026-07-02T10:35:29+05:30,update order form,PORT,PORT,m1 (inside PR),,empty pick: all changes on deferred paths -> consolidated port,,Order Form
a8d94cd038fb3e26f808431a48ada23b4f7c1706,kggk,kggk:78,928,a8d94cd038fb,True,Gurukrupa-Export,2026-07-02T12:55:05+05:30,Shubham gke v16 (#928),PORT,PORT,m1 (unit merge),,empty pick: all changes on deferred paths -> consolidated port,,Order Form
2a477761a8bb5beac65d2f06ba74d24b171360fa,kggk,kggk:79,931,a10114d4aeb5,False,bhavika-gkexport,2026-07-02T18:02:44+05:30,02-07-2026 Update in gke_hrms py file get_list to customfunction,SKIP_PATCH_EQUIVALENT,SKIP_PATCH_EQUIVALENT,skip,,"SKIP_PATCH_EQUIVALENT: All functional lines are already in master: master took the same v16-safe rewrites in 29952ac (11-07-2026, OT Allowance Entry), 178a333 (",,HR attendance and punches
a10114d4aeb50ad5b9d39c2afbec6945225c9c3e,kggk,kggk:79,931,a10114d4aeb5,True,bhavika-gkexport,2026-07-02T18:34:24+05:30,02-07-2026 Update in gke_hrms py file get_list to customfunction (#931),SKIP_PATCH_EQUIVALENT,SKIP_PATCH_EQUIVALENT,skip,,"SKIP_PATCH_EQUIVALENT: All functional lines are already in master: master took the same v16-safe rewrites in 29952ac (11-07-2026, OT Allowance Entry), 178a333 (",,HR attendance and punches
33aeed7402857b4e829d65fa58484d68f0e26d98,kggk,kggk:80,933,abf79b4a3780,False,bhavika-gkexport,2026-07-02T18:48:01+05:30,update in manual_punch_entry py file,SKIP_ALREADY_IN_MASTER,SKIP_ALREADY_IN_MASTER,skip,,SKIP_ALREADY_IN_MASTER: absorbed=true is confirmed: master's cancel_linked_records is the identical tab-indented qb version. It only matters relative to unit 79,,HR attendance and punches
abf79b4a3780262b84aec1d9146dcc8b10a857f8,kggk,kggk:80,933,abf79b4a3780,True,bhavika-gkexport,2026-07-02T18:49:12+05:30,update in manual_punch_entry py file (#933),SKIP_ALREADY_IN_MASTER,SKIP_ALREADY_IN_MASTER,skip,,SKIP_ALREADY_IN_MASTER: absorbed=true is confirmed: master's cancel_linked_records is the identical tab-indented qb version. It only matters relative to unit 79,,HR attendance and punches
0b4097b8df2962314c879137bd71d47fe37e950b,kggk,kggk:81,935,c480b15015f2,True,sandeep-m-gk,2026-07-03T11:12:38+05:30,V16 develop aerele backup (#934),PORT,PORT,m1 (inside PR),7d1eea517273,,,Manufacturing reports
cb81b7a7886e488915116f2636b8213da5f9689e,kggk,kggk:81,935,c480b15015f2,False,sandeep-m-gk,2026-07-03T11:18:13+05:30,4 new reports,PORT,PORT,m1 (inside PR),7d1eea517273,,,Manufacturing reports
c480b15015f285014e61c850f45d5bc95c4a7117,kggk,kggk:81,935,c480b15015f2,True,Gurukrupa-Export,2026-07-03T11:21:53+05:30,Sandepp v16 dummy (#935),PORT,PORT,m1 (unit merge),7d1eea517273,,,Manufacturing reports
4ca3a43acad46f864d8475c2b006403a6347d761,kggk,kggk:82,938,737198076c12,False,bhavika-gkexport,2026-07-03T15:57:38+05:30,03-07-2026 update in ot_allowance_entry json file,PORT,PORT,leaf,a01fe9b9bc28,,,HR overtime
737198076c12bfdabb5ee2185eb617be59ddf6d2,kggk,kggk:82,938,737198076c12,True,bhavika-gkexport,2026-07-03T15:58:50+05:30,03-07-2026 update in ot_allowance_entry json file (#938),PORT,PORT,PR merge (leaves picked; Part-of trailer),,,,HR overtime
1659dc41e62ff03938f2091cd0fe1aaad2e0a7e1,kggk,kggk:83,943,cdc4ecc02d5c,True,sandeep-m-gk,2026-07-06T12:29:25+05:30,V16 develop aerele (#942),PORT,PORT,m1 (inside PR),967e312884ad,,,Manufacturing reports
84752ff749a9073777fa451bafea699ad6609195,kggk,kggk:83,943,cdc4ecc02d5c,False,sandeep-m-gk,2026-07-06T12:34:57+05:30,4 new reports added,PORT,PORT,m1 (inside PR),967e312884ad,,,Manufacturing reports
cdc4ecc02d5c985253bbcbd5f671b49da14feb38,kggk,kggk:83,943,cdc4ecc02d5c,True,Gurukrupa-Export,2026-07-06T12:37:51+05:30,4 reports added (#943),PORT,PORT,m1 (unit merge),967e312884ad,,,Manufacturing reports
7ec5f98d7ce183a43726b771c77fbd08f4d0d612,kggk,kggk:84,944,132daca43617,True,Shubham Keshri,2026-07-06T11:46:35+05:30,V16 develop aerele (#941),PORT,PORT,m1 (inside PR),d5c030e4d019,,,Order Form
a1098ec12dd7ed52715c8c80744680700f61df0c,kggk,kggk:84,944,132daca43617,False,Shubham Keshri,2026-07-06T12:35:04+05:30,Corporate Order Updates,PORT,PORT,m1 (inside PR),d5c030e4d019,,,Order Form
132daca43617eec5f25c97e1d9ca8f9d6d9adcb7,kggk,kggk:84,944,132daca43617,True,Gurukrupa-Export,2026-07-06T15:00:57+05:30,Shubham gke v16 (#944),PORT,PORT,m1 (unit merge),d5c030e4d019,,,Order Form
90edb3cefffa46ed8f5d05be967bd2c0ac013920,kggk,kggk:85,947,9727741f1aff,False,GEPL02836,2026-07-08T14:21:51+05:30,Update diamond_broken_lost_report.py,PORT,PORT,leaf,8834d48681d3,,,Manufacturing reports
9727741f1affb1d5dacd9195cbb97cfe0858b8ac,kggk,kggk:85,947,9727741f1aff,True,Gurukrupa-Export,2026-07-08T14:25:16+05:30,Update diamond_broken_lost_report.py (#947),PORT,PORT,PR merge (leaves picked; Part-of trailer),,,,Manufacturing reports
d32e37847e7607f4f6fea30ed22a6afbf4544e22,kggk,kggk:86,948,7b091932424b,False,bhavika-gkexport,2026-07-09T17:53:58+05:30,09-07-2026 added challan in gke_hrms report and utills and hooks py file,SKIP_PATCH_EQUIVALENT,SKIP_PATCH_EQUIVALENT,skip,,SKIP_PATCH_EQUIVALENT: Patch-equivalent to master 00def16 (30-06-2026 'Update in payroll report and holiday punch') for all six report files (identical line cou,,HR payroll and salary withholding
7b091932424b9699d34e546c6617b0d8ac6d0e2f,kggk,kggk:86,948,7b091932424b,True,bhavika-gkexport,2026-07-09T17:54:48+05:30,09-07-2026 added challan in gke_hrms report and utills and hooks py file (#948),SKIP_PATCH_EQUIVALENT,SKIP_PATCH_EQUIVALENT,skip,,SKIP_PATCH_EQUIVALENT: Patch-equivalent to master 00def16 (30-06-2026 'Update in payroll report and holiday punch') for all six report files (identical line cou,,HR payroll and salary withholding
900ef14bda66de82a444a34dec3a394eaee1bc0f,kggk,kggk:87,949,81ef3e9c300e,False,Shubham Keshri,2026-07-09T17:52:08+05:30,Order form Updates,PORT,PORT,leaf,4f95b9a6f92b,,,Order Form
81ef3e9c300ea1add821698f9786e9a83d941b94,kggk,kggk:87,949,81ef3e9c300e,True,Gurukrupa-Export,2026-07-09T17:59:01+05:30,Order form Updates (#949),PORT,PORT,PR merge (leaves picked; Part-of trailer),,,,Order Form
8eba85a09f89b4bf9a429a3302c4ecd08b59b85e,kggk,kggk:88,961,6278f9019de4,True,sandeep-m-gk,2026-07-15T12:51:55+05:30,V16 develop aerele (#960),PORT,PORT,m1 (inside PR),bc5198dcd8d6,,,Manufacturing reports
e1fa0827a3f8c3632f2758db8e615fdaaf0ec7e2,kggk,kggk:88,961,6278f9019de4,False,sandeep-m-gk,2026-07-15T13:55:31+05:30,9 reports addition,PORT,PORT,m1 (inside PR),bc5198dcd8d6,,,Manufacturing reports
6278f9019de4c4c5a1a198f031d53321bc70d06e,kggk,kggk:88,961,6278f9019de4,True,Gurukrupa-Export,2026-07-15T14:00:34+05:30,9 reports addition (#961),PORT,PORT,m1 (unit merge),bc5198dcd8d6,,,Manufacturing reports
4ce58c1cc88122cf5dd74636386b6876783c4730,kggk,kggk:89,963,5ad362ebaaae,True,sandeep-m-gk,2026-07-15T15:43:37+05:30,backup to branch (#962),PORT,PORT,m1 (inside PR),450c97455ad2,,,Manufacturing reports
b425e6bc1587b8e1342cd26a08c7b89af384bf39,kggk,kggk:89,963,5ad362ebaaae,False,sandeep-m-gk,2026-07-15T16:10:17+05:30,fixes of reports,PORT,PORT,m1 (inside PR),450c97455ad2,,,Manufacturing reports
5ad362ebaaaeb9802d610c9b047086cb8a9034f4,kggk,kggk:89,963,5ad362ebaaae,True,Gurukrupa-Export,2026-07-15T16:18:24+05:30,4 reports updates (#963),PORT,PORT,m1 (unit merge),450c97455ad2,,,Manufacturing reports
53bfe3f831242ff30719b494684b452af585a2ca,kggk,kggk:90,965,cb9acada3f5f,True,sandeep-m-gk,2026-07-15T16:32:54+05:30,backup (#964),PORT,PORT,m1 (inside PR),544ca41d8ad5,,,HR overtime
934d1dd14c61c5904e4e44f46577d7a400326da5,kggk,kggk:90,965,cb9acada3f5f,False,sandeep-m-gk,2026-07-15T16:37:25+05:30,update ot and night shift report,PORT,PORT,m1 (inside PR),544ca41d8ad5,,,HR overtime
cb9acada3f5fa8e168e34473a8e3ee50d897a90a,kggk,kggk:90,965,cb9acada3f5f,True,Gurukrupa-Export,2026-07-15T16:41:16+05:30,OT and night shift report update (#965),PORT,PORT,m1 (unit merge),544ca41d8ad5,,,HR overtime
9d462cb29959b6612faaebd0c223d7eb3d28196b,kggk,kggk:91,967,35481e86612c,True,Gurukrupa-Export,2026-06-27T14:48:30+05:30,V16 develop aerele (#915),SKIP_SUPERSEDED,SKIP_SUPERSEDED,skip,,"SKIP_SUPERSEDED: The unit's whole effect on its own paths is gone at kggk head: product_return_form/ was deleted by unit 95 (survival 0, path class 'same'). The",,Product Return Order
79116e7fd38a4e39e5610d5d3d601c940aba224d,kggk,kggk:91,967,35481e86612c,True,Gurukrupa-Export,2026-07-16T17:49:40+05:30,V16 develop aerele (#966),SKIP_SUPERSEDED,SKIP_SUPERSEDED,skip,,"SKIP_SUPERSEDED: The unit's whole effect on its own paths is gone at kggk head: product_return_form/ was deleted by unit 95 (survival 0, path class 'same'). The",,Product Return Order
d2ec18cdb9133b5ed2a63a7f871bba1c2db96359,kggk,kggk:91,967,35481e86612c,False,Gurukrupa-Export,2026-07-16T18:00:31+05:30,Update json for Product Return Form,SKIP_SUPERSEDED,SKIP_SUPERSEDED,skip,,"SKIP_SUPERSEDED: The unit's whole effect on its own paths is gone at kggk head: product_return_form/ was deleted by unit 95 (survival 0, path class 'same'). The",,Product Return Order
35481e86612c560a187f40bb7b7f560be5dd75f2,kggk,kggk:91,967,35481e86612c,True,Gurukrupa-Export,2026-07-16T18:01:20+05:30,V16 dharm (#967),SKIP_SUPERSEDED,SKIP_SUPERSEDED,skip,,"SKIP_SUPERSEDED: The unit's whole effect on its own paths is gone at kggk head: product_return_form/ was deleted by unit 95 (survival 0, path class 'same'). The",,Product Return Order
c6b235fe4588a18e7cffc53ae7ed1e5c62408806,kggk,kggk:92,968,8a3afd4d05df,False,bhavika-gkexport,2026-07-17T13:04:14+05:30,17-07-2026 employee_update py file,PORT,PORT,leaf,9faadcbd420a,,,HR employee lifecycle
8a3afd4d05dfa54d3492a3aab5e978eb896e216a,kggk,kggk:92,968,8a3afd4d05df,True,bhavika-gkexport,2026-07-17T13:05:31+05:30,17-07-2026 employee_update py file (#968),PORT,PORT,PR merge (leaves picked; Part-of trailer),,,,HR employee lifecycle
ca7004c4a9b6caa5b579f3bcfc52e517d7efd9f0,kggk,kggk:93,,ca7004c4a9b6,False,Gurukrupa-Export,2026-07-20T10:29:37+05:30,Delete gke_customization/gke_catalog/report/serial_no_detail_report directory,PORT,PORT,direct (unit merge),7d4c4fa95f10,,,Stock and inventory reports
21fea421dc5c8eaa1ea6579f791404692bd99f72,kggk,kggk:94,973,b6335658d69e,True,sandeep-m-gk,2026-07-20T10:09:25+05:30,V16 develop aerele (#971),SKIP_REVERTED,SKIP_REVERTED,skip,,SKIP_REVERTED: Serial No Detail Report added then deleted by direct commit 1bdd883466,,Stock and inventory reports
cb19b1ea7f4d32727fd14c33cdc3fbdd09f3ec43,kggk,kggk:94,973,b6335658d69e,True,sandeep-m-gk,2026-07-20T10:31:25+05:30,Delete gke_customization/gke_catalog/report/serial_no_detail_report d… (#972),SKIP_REVERTED,SKIP_REVERTED,skip,,SKIP_REVERTED: Serial No Detail Report added then deleted by direct commit 1bdd883466,,Stock and inventory reports
d3bd7fb85b7cfc97bc442f82242defe21a636c6f,kggk,kggk:94,973,b6335658d69e,False,sandeep-m-gk,2026-07-20T10:33:50+05:30,Serial No detail Report,SKIP_REVERTED,SKIP_REVERTED,skip,,SKIP_REVERTED: Serial No Detail Report added then deleted by direct commit 1bdd883466,,Stock and inventory reports
b6335658d69edaa193cb3127a559b09392f05ce5,kggk,kggk:94,973,b6335658d69e,True,Gurukrupa-Export,2026-07-20T10:36:17+05:30,Serial No Detail Report (#973),SKIP_REVERTED,SKIP_REVERTED,skip,,SKIP_REVERTED: Serial No Detail Report added then deleted by direct commit 1bdd883466,,Stock and inventory reports
05d0bbb1a6dd2d0d4b069d9d8e9fe1060cf63685,kggk,kggk:95,,05d0bbb1a6dd,False,Gurukrupa-Export,2026-07-21T20:15:28+05:30,Delete gke_customization/gke_price_list/doctype/product_return_form directory,PORT,PORT,direct (unit merge),,empty pick: all changes on deferred paths -> consolidated port,,Product Return Order
b8105ebfc24b17200820ee89719b4e1c426e2597,kggk,kggk:96,977,c32d0cad7f3a,True,Gurukrupa-Export,2026-07-21T20:19:55+05:30,V16 develop aerele (#976),PORT,PORT,m1 (inside PR),,empty pick: all changes on deferred paths -> consolidated port,,Product Return Order
bcde4bb7640b6ffeb2d931c6eef50e021758a70a,kggk,kggk:96,977,c32d0cad7f3a,False,Gurukrupa-Export,2026-07-21T20:53:28+05:30,Add Product Return Order Form,PORT,PORT,m1 (inside PR),,empty pick: all changes on deferred paths -> consolidated port,,Product Return Order
c32d0cad7f3ad909424c05ac2fce8e8591c9bb4e,kggk,kggk:96,977,c32d0cad7f3a,True,Gurukrupa-Export,2026-07-21T20:53:59+05:30,V16 dharm (#977),PORT,PORT,m1 (unit merge),,empty pick: all changes on deferred paths -> consolidated port,,Product Return Order
4e8ce12da9685503d85ada9f24fb11b35c817ad8,kggk,kggk:97,979,cccbb2c097b4,True,Gurukrupa-Export,2026-07-01T19:41:36+05:30,V16 develop aerele (#918),SKIP_ALREADY_IN_MASTER,SKIP_ALREADY_IN_MASTER,skip,,"SKIP_ALREADY_IN_MASTER: The behaviour is already in master: master's PROF on_submit has the same commented-out guard ('# if self.yu: return'), which came with t",,Product Return Order
bf4005eea484151292ba7e74711b1fe1e3411e62,kggk,kggk:97,979,cccbb2c097b4,True,Shruti Bansal,2026-07-22T11:28:21+05:30,V16 develop aerele (#978),SKIP_ALREADY_IN_MASTER,SKIP_ALREADY_IN_MASTER,skip,,"SKIP_ALREADY_IN_MASTER: The behaviour is already in master: master's PROF on_submit has the same commented-out guard ('# if self.yu: return'), which came with t",,Product Return Order
49bfc9ff51bab67aaf792d1cdf326c0a4fc6e48a,kggk,kggk:97,979,cccbb2c097b4,False,Shruti Bansal,2026-07-22T11:52:02+05:30,Update product Return Order Form,SKIP_ALREADY_IN_MASTER,SKIP_ALREADY_IN_MASTER,skip,,"SKIP_ALREADY_IN_MASTER: The behaviour is already in master: master's PROF on_submit has the same commented-out guard ('# if self.yu: return'), which came with t",,Product Return Order
cccbb2c097b484445e78446dcf86132a834281ca,kggk,kggk:97,979,cccbb2c097b4,True,Gurukrupa-Export,2026-07-22T11:58:58+05:30,Sb aerele l (#979),SKIP_ALREADY_IN_MASTER,SKIP_ALREADY_IN_MASTER,skip,,"SKIP_ALREADY_IN_MASTER: The behaviour is already in master: master's PROF on_submit has the same commented-out guard ('# if self.yu: return'), which came with t",,Product Return Order
d40a286bcf56c5e3e82f71d3fb7a360fd3dec5b0,kggk,kggk:98,981,1d0f40b5db74,True,sandeep-m-gk,2026-07-22T14:43:12+05:30,V16 develop aerele (#980),PORT,PORT,m1 (inside PR),7b3cbb31b5b9,,,HR attendance and punches
d185d42e3a57f5247aeb2a9076d916b2d68fcfee,kggk,kggk:98,981,1d0f40b5db74,False,sandeep-m-gk,2026-07-22T14:44:57+05:30,Today's Absent Employee Report,PORT,PORT,m1 (inside PR),7b3cbb31b5b9,,,HR attendance and punches
1d0f40b5db74ec765e3e3823b205d5cb569ed3d8,kggk,kggk:98,981,1d0f40b5db74,True,Gurukrupa-Export,2026-07-22T15:04:49+05:30,Sandepp v16 dummy (#981),PORT,PORT,m1 (unit merge),7b3cbb31b5b9,,,HR attendance and punches
d0a794f161c5813a333eefe456f7cfebeb5645cf,kggk,kggk:99,988,5142bd4ca505,False,Shubham Keshri,2026-07-22T21:40:00+05:30,Order Updates,PORT,PORT,leaf,,empty pick: all changes on deferred paths -> consolidated port,,Order Form
5142bd4ca50552aa1dd2bd629981e7fe7a0b67e7,kggk,kggk:99,988,5142bd4ca505,True,Gurukrupa-Export,2026-07-22T21:57:43+05:30,Order Updates (#988),PORT,PORT,PR merge (leaves picked; Part-of trailer),,,,Order Form
4339a7399fccb9ed94d2c61cf24b21950a5c442c,kggk,kggk:100,991,5fe374c1af63,True,Shruti Bansal,2026-07-23T11:29:49+05:30,V16 develop aerele (#990),SKIP_SUPERSEDED,SKIP_SUPERSEDED,skip,,"SKIP_SUPERSEDED: The unit's whole effect is gone at kggk head (survival 0). git log -S shows the rounded lines added here and removed by 582ab41 (#1005, unit 10",,Product Return Order
fa4884abe745278b4a12d0e35c2b5b5d82d0ca9e,kggk,kggk:100,991,5fe374c1af63,False,Shruti Bansal,2026-07-23T11:30:46+05:30,Update Product Return Order,SKIP_SUPERSEDED,SKIP_SUPERSEDED,skip,,"SKIP_SUPERSEDED: The unit's whole effect is gone at kggk head (survival 0). git log -S shows the rounded lines added here and removed by 582ab41 (#1005, unit 10",,Product Return Order
5fe374c1af639533821f5f20871a8dc8ec187ffb,kggk,kggk:100,991,5fe374c1af63,True,Gurukrupa-Export,2026-07-23T12:25:11+05:30,Sb aerele l (#991),SKIP_SUPERSEDED,SKIP_SUPERSEDED,skip,,"SKIP_SUPERSEDED: The unit's whole effect is gone at kggk head (survival 0). git log -S shows the rounded lines added here and removed by 582ab41 (#1005, unit 10",,Product Return Order
8b236fc3447b5ffa1159687a12c24ea93374f6f6,kggk,kggk:101,995,52797c9e2e10,True,sandeep-m-gk,2026-07-23T21:22:28+05:30,V16 develop aerele (#994),PORT,PORT,m1 (inside PR),5c488a99effc,,,Stock and inventory reports
470359418017532543f0832da8f71ecb430c9843,kggk,kggk:101,995,52797c9e2e10,False,sandeep-m-gk,2026-07-23T21:27:39+05:30,item code serial no detail report added,PORT,PORT,m1 (inside PR),5c488a99effc,,,Stock and inventory reports
52797c9e2e10a812eb229141a63904c08c63d76e,kggk,kggk:101,995,52797c9e2e10,True,Gurukrupa-Export,2026-07-23T22:27:26+05:30,Sandepp v16 dummy (#995),PORT,PORT,m1 (unit merge),5c488a99effc,,,Stock and inventory reports
1bdd883466e3a69b9169e43b4ec5044de5f192ed,kggk,kggk:102,,1bdd883466e3,False,Gurukrupa-Export,2026-07-24T09:25:11+05:30,Delete gke_customization/gke_catalog/report/serial_no_detail_report directory,SKIP_REVERTED,SKIP_REVERTED,skip,,SKIP_REVERTED (deletes what #973 added),,Stock and inventory reports
8870386280c88eed6bfcc6e0a77cbfc58283c48c,kggk,kggk:103,996,9e18b4af8b63,False,Shubham Keshri,2026-07-24T11:37:04+05:30,update quotation and order form,SKIP_PATCH_EQUIVALENT,SKIP_PATCH_EQUIVALENT,skip,,"SKIP_PATCH_EQUIVALENT: Master commit e9425d5 (2026-07-29, same author, 'update Sales Type') adds the identical Order Form fields and the identical cad_order_for",,Order Form
9e18b4af8b6370ad204f28eb0efe127e07b8a294,kggk,kggk:103,996,9e18b4af8b63,True,Gurukrupa-Export,2026-07-24T11:41:41+05:30,update quotation and order form (#996),SKIP_PATCH_EQUIVALENT,SKIP_PATCH_EQUIVALENT,skip,,"SKIP_PATCH_EQUIVALENT: Master commit e9425d5 (2026-07-29, same author, 'update Sales Type') adds the identical Order Form fields and the identical cad_order_for",,Order Form
d5a486d2d32a9b9221696b24e6370b6faf3127fc,kggk,kggk:104,998,e05085042263,True,sandeep-m-gk,2026-07-25T09:23:17+05:30,morning backup v16 (#997),PORT,PORT,m1 (inside PR),895cf9a7be29,,,Manufacturing reports
b49eb3d734136aa024b05b73b8a0ec50115a64ab,kggk,kggk:104,998,e05085042263,False,sandeep-m-gk,2026-07-25T09:44:00+05:30,8 reports update,PORT,PORT,m1 (inside PR),895cf9a7be29,,,Manufacturing reports
e050850422636143aac0e361268bfc6a7b03625b,kggk,kggk:104,998,e05085042263,True,Gurukrupa-Export,2026-07-25T09:53:38+05:30,8 reports Update (#998),PORT,PORT,m1 (unit merge),895cf9a7be29,,,Manufacturing reports
1fb40b9f4bfa3961c12671ab49ac4507ae808290,kggk,kggk:105,999,31cbd4dc2845,False,sandeep-m-gk,2026-07-25T10:28:05+05:30,v16 fixes & updates,PORT,PORT,leaf,5561eaff4347,,,Manufacturing reports
31cbd4dc28451ae93807855580fddd94ab36730f,kggk,kggk:105,999,31cbd4dc2845,True,Gurukrupa-Export,2026-07-25T13:03:57+05:30,v16 fixes & updates (#999),PORT,PORT,PR merge (leaves picked; Part-of trailer),,,,Manufacturing reports
76b2527a3655c92e615ec8aeb940c1b44de1bdf7,kggk,kggk:106,1001,f86ab07a96d6,True,sandeep-m-gk,2026-07-25T13:13:19+05:30,V16 develop aerele (#1000),PORT,PORT,m1 (inside PR),cd2112338fad,,,Manufacturing reports
5d2458105aba7362b002c541bce6690273261a71,kggk,kggk:106,1001,f86ab07a96d6,False,sandeep-m-gk,2026-07-25T13:17:11+05:30,update,PORT,PORT,m1 (inside PR),cd2112338fad,,,Manufacturing reports
f86ab07a96d63e786061f5226359b6e5bdeded79,kggk,kggk:106,1001,f86ab07a96d6,True,Gurukrupa-Export,2026-07-25T13:20:33+05:30,Sandepp v16 dummy (#1001),PORT,PORT,m1 (unit merge),cd2112338fad,,,Manufacturing reports
38cef7de0b3635eec531c3ea377c81f0e531ea84,kggk,kggk:107,1003,a3dfe421cf62,True,sandeep-m-gk,2026-07-25T15:01:48+05:30,Sandepp v16 dummy (#1001) (#1002),PORT,PORT,m1 (inside PR),bb117c15f71b,,,Manufacturing reports
671deec4dd4ae6eefd40f8fa9d0a0a5bcbad4bea,kggk,kggk:107,1003,a3dfe421cf62,False,sandeep-m-gk,2026-07-25T15:05:44+05:30,Update department_ir_report.js,PORT,PORT,m1 (inside PR),bb117c15f71b,,,Manufacturing reports
a3dfe421cf62fe0251c553f1728b7f2c6ba3c0aa,kggk,kggk:107,1003,a3dfe421cf62,True,Gurukrupa-Export,2026-07-25T15:12:38+05:30,Sandepp v16 dummy (#1003),PORT,PORT,m1 (unit merge),bb117c15f71b,,,Manufacturing reports
1dfec842af053384817816d02b9ed4bea0915525,kggk,kggk:108,1005,582ab418b6f9,True,Shruti Bansal,2026-07-25T22:23:35+05:30,V16 develop aerele (#1004),NEEDS_TECHNICAL_REVIEW,SKIP_SUPERSEDED,m1 (inside PR),,empty pick: all changes on deferred paths -> consolidated port,business decision 2026-10-02 (Orders: take master's; HR/Accounts: e-invoice keys on invoice_sales_type): master c97b25f's BOM/serial flow with Sale_*/Costing_Rate keys supersedes the surviving Jewelex and e-invoice hunks,Product Return Order
0820e1673fc810b295a3638447e2961ecea08b50,kggk,kggk:108,1005,582ab418b6f9,False,Shruti Bansal,2026-07-25T22:31:09+05:30,Update Product Return Order And Product Return Order Form,NEEDS_TECHNICAL_REVIEW,SKIP_SUPERSEDED,m1 (inside PR),,empty pick: all changes on deferred paths -> consolidated port,business decision 2026-10-02 (Orders: take master's; HR/Accounts: e-invoice keys on invoice_sales_type): master c97b25f's BOM/serial flow with Sale_*/Costing_Rate keys supersedes the surviving Jewelex and e-invoice hunks,Product Return Order
582ab418b6f9e99ed3a021c06197144e19156579,kggk,kggk:108,1005,582ab418b6f9,True,Gurukrupa-Export,2026-07-25T23:47:39+05:30,Sb aerele l (#1005),NEEDS_TECHNICAL_REVIEW,SKIP_SUPERSEDED,m1 (unit merge),,empty pick: all changes on deferred paths -> consolidated port,business decision 2026-10-02 (Orders: take master's; HR/Accounts: e-invoice keys on invoice_sales_type): master c97b25f's BOM/serial flow with Sale_*/Costing_Rate keys supersedes the surviving Jewelex and e-invoice hunks,Product Return Order
1e1cbd424f679ca7d2ad8885125dbb8cd9ce2d2e,kggk,kggk:109,1007,16fec73930e4,True,Gurukrupa-Export,2026-07-26T13:35:26+05:30,V16 develop aerele (#1006),SKIP_ALREADY_IN_MASTER,SKIP_ALREADY_IN_MASTER,skip,,"SKIP_ALREADY_IN_MASTER: Master's product_return_form_item.json, via 6c9838c, has both fields. is_jewelex_tag is identical, and jewelex_tag adds depends_on is_je",,Product Return Order
736e1f82c54f69f14ee7ee0f9a6025b846c657d5,kggk,kggk:109,1007,16fec73930e4,False,Gurukrupa-Export,2026-07-26T13:40:24+05:30,Add Filed in child table,SKIP_ALREADY_IN_MASTER,SKIP_ALREADY_IN_MASTER,skip,,"SKIP_ALREADY_IN_MASTER: Master's product_return_form_item.json, via 6c9838c, has both fields. is_jewelex_tag is identical, and jewelex_tag adds depends_on is_je",,Product Return Order
16fec73930e4f77a48375ef6701cb54b214f3a75,kggk,kggk:109,1007,16fec73930e4,True,Gurukrupa-Export,2026-07-26T13:43:33+05:30,V16 dharm (#1007),SKIP_ALREADY_IN_MASTER,SKIP_ALREADY_IN_MASTER,skip,,"SKIP_ALREADY_IN_MASTER: Master's product_return_form_item.json, via 6c9838c, has both fields. is_jewelex_tag is identical, and jewelex_tag adds depends_on is_je",,Product Return Order
cc10c5f82c81c894927e4b98bf276795ddf6b400,kggk,kggk:110,1010,40b04bc125fe,False,Gurukrupa-Export,2026-07-27T09:24:54+05:30,Update json of Prodcut Return Order,SKIP_ALREADY_IN_MASTER,SKIP_ALREADY_IN_MASTER,skip,,"SKIP_ALREADY_IN_MASTER: absorbed=true: master's product_return_order.json already has exactly one amended_from, and so does kggk head.",,Product Return Order
40b04bc125fe72900e8341bd12595048d2d72603,kggk,kggk:110,1010,40b04bc125fe,True,Gurukrupa-Export,2026-07-27T09:31:58+05:30,Update json of Prodcut Return Order (#1010),SKIP_ALREADY_IN_MASTER,SKIP_ALREADY_IN_MASTER,skip,,"SKIP_ALREADY_IN_MASTER: absorbed=true: master's product_return_order.json already has exactly one amended_from, and so does kggk head.",,Product Return Order
4c6705d7c8580f0e40f5cb99bc9d187ce033766c,kggk,kggk:111,1011,7fbb3e841e9c,False,Shubham Keshri,2026-07-27T10:47:42+05:30,KGGK item Migration API Update,SKIP_ALREADY_IN_MASTER,SKIP_ALREADY_IN_MASTER,skip,,"SKIP_ALREADY_IN_MASTER: Every non-comment line this unit added exists in master: 302 of the 304 missing lines are comments, and the other two are JSON field_ord",,Item and BOM creation and KGGK replication
7fbb3e841e9cd8209c32f64c34df6253ed32a965,kggk,kggk:111,1011,7fbb3e841e9c,True,Gurukrupa-Export,2026-07-27T10:51:11+05:30,KGGK item Migration API Update (#1011),SKIP_ALREADY_IN_MASTER,SKIP_ALREADY_IN_MASTER,skip,,"SKIP_ALREADY_IN_MASTER: Every non-comment line this unit added exists in master: 302 of the 304 missing lines are comments, and the other two are JSON field_ord",,Item and BOM creation and KGGK replication
869d62765b0981049e23d004af50e5641622730f,kggk,kggk:112,1014,37499e78c517,True,Shruti Bansal,2026-07-27T14:20:11+05:30,V16 develop aerele (#1013),SKIP_ALREADY_IN_MASTER,SKIP_ALREADY_IN_MASTER,skip,,"SKIP_ALREADY_IN_MASTER: All 7 added fields are identical in master, and master's field_order around section_break_bynu matches the unit exactly (via 6c9838c).",,Product Return Order
b3b1493131e80b964321c05daf48fc1ddf06bec1,kggk,kggk:112,1014,37499e78c517,False,Shruti Bansal,2026-07-27T14:22:29+05:30,Update Product Return Form Item . Js,SKIP_ALREADY_IN_MASTER,SKIP_ALREADY_IN_MASTER,skip,,"SKIP_ALREADY_IN_MASTER: All 7 added fields are identical in master, and master's field_order around section_break_bynu matches the unit exactly (via 6c9838c).",,Product Return Order
37499e78c51711a9501e7cb6674ce99cd303cb8d,kggk,kggk:112,1014,37499e78c517,True,Gurukrupa-Export,2026-07-27T15:14:57+05:30,Sb aerele l (#1014),SKIP_ALREADY_IN_MASTER,SKIP_ALREADY_IN_MASTER,skip,,"SKIP_ALREADY_IN_MASTER: All 7 added fields are identical in master, and master's field_order around section_break_bynu matches the unit exactly (via 6c9838c).",,Product Return Order
a65b4d729443ddeca50cefeb408477dabb09a06b,kggk,kggk:113,1016,46b754fa3aaf,True,sandeep-m-gk,2026-07-27T14:15:28+05:30,V16 develop aerele (#1012),PORT,PORT,m1 (inside PR),1122c5a437f5,,,Manufacturing reports
128e2e8d4a2fdf96d57b1ac932a92a4e2083c0f5,kggk,kggk:113,1016,46b754fa3aaf,False,sandeep-m-gk,2026-07-27T15:27:39+05:30,update,PORT,PORT,m1 (inside PR),1122c5a437f5,,,Manufacturing reports
46b754fa3aafca3538a141bda3e6c80861d8e8a4,kggk,kggk:113,1016,46b754fa3aaf,True,Gurukrupa-Export,2026-07-27T16:03:09+05:30,Reports update (#1016),PORT,PORT,m1 (unit merge),1122c5a437f5,,,Manufacturing reports
b9c464226dff3d45929a6d28c28d82aff0070bd6,kggk,kggk:114,1019,7b4922f857cc,True,Shubham Keshri,2026-07-27T16:07:10+05:30,V16 develop aerele (#1017),PORT,PORT,m1 (inside PR),,empty pick: all changes on deferred paths -> consolidated port,,Repair Order
37dd698c9b11d90eb0e6ba21ddc2ac320cd1b62c,kggk,kggk:114,1019,7b4922f857cc,False,Shubham Keshri,2026-07-27T16:33:11+05:30,Updates Repair Order Form,PORT,PORT,m1 (inside PR),,empty pick: all changes on deferred paths -> consolidated port,,Repair Order
7b4922f857cc996956f934d0be6168b195ae7f5e,kggk,kggk:114,1019,7b4922f857cc,True,Gurukrupa-Export,2026-07-27T16:42:27+05:30,Shubham gke v16 (#1019),PORT,PORT,m1 (unit merge),,empty pick: all changes on deferred paths -> consolidated port,,Repair Order
4b7c6900aeb211a088dedba810697b9741469bad,kggk,kggk:115,1018,d34dbe92aeb6,False,sandeep-m-gk,2026-07-27T16:33:36+05:30,update reports,PORT,PORT,leaf,8a945232bda2,,,Manufacturing reports
d34dbe92aeb657f07528bb09d605b531c1d1a1aa,kggk,kggk:115,1018,d34dbe92aeb6,True,Gurukrupa-Export,2026-07-27T16:42:43+05:30,update reports (#1018),PORT,PORT,PR merge (leaves picked; Part-of trailer),,,,Manufacturing reports
9136bc77dad7bd9ba9791d1efee1631b9749db4c,kggk,kggk:116,1020,046589febe54,False,Shruti Bansal,2026-07-27T15:27:00+05:30,Update Product Return Order Form,SKIP_ALREADY_IN_MASTER,SKIP_ALREADY_IN_MASTER,skip,,"SKIP_ALREADY_IN_MASTER: absorbed=true, and the code confirms it: master's product_return_order_form.json already sets allow_bulk_edit:1 on fieldname items (d_hu",,Product Return Order
8194e9073eca4ca8db3b0373566f63865378f451,kggk,kggk:116,1020,046589febe54,True,Shruti Bansal,2026-07-27T15:28:40+05:30,Sb aerele l (#1014) (#1015),SKIP_ALREADY_IN_MASTER,SKIP_ALREADY_IN_MASTER,skip,,"SKIP_ALREADY_IN_MASTER: absorbed=true, and the code confirms it: master's product_return_order_form.json already sets allow_bulk_edit:1 on fieldname items (d_hu",,Product Return Order
046589febe548d240c961cee2cb05f5cdcceef30,kggk,kggk:116,1020,046589febe54,True,Gurukrupa-Export,2026-07-27T17:11:13+05:30,Sb aerele l (#1020),SKIP_ALREADY_IN_MASTER,SKIP_ALREADY_IN_MASTER,skip,,"SKIP_ALREADY_IN_MASTER: absorbed=true, and the code confirms it: master's product_return_order_form.json already sets allow_bulk_edit:1 on fieldname items (d_hu",,Product Return Order
a7c42c99132646196f672a06c8c91dc74947fd61,kggk,kggk:117,1021,a50376d183ff,False,sandeep-m-gk,2026-07-27T17:32:22+05:30,order detail report,PORT,PORT,leaf,b82a01dd686b,,,Manufacturing reports
a50376d183ff20a5d6b8c1cb4fc87c16675f7bef,kggk,kggk:117,1021,a50376d183ff,True,Gurukrupa-Export,2026-07-27T17:43:30+05:30,order detail report (#1021),PORT,PORT,PR merge (leaves picked; Part-of trailer),,,,Manufacturing reports
35c390c0ea1fa8ae05150a84bd4e65661278d6ef,kggk,kggk:118,1025,33bdbd1d0a71,False,Shubham Keshri,2026-07-28T18:06:04+05:30,Repair Order Form Updates,PORT,PORT,leaf,,empty pick: all changes on deferred paths -> consolidated port,"partial: master's later removal of reqd on Order BOM Metal Detail metal fields is kept (business decision 2026-10-02, Orders)",Repair Order
33bdbd1d0a7130bc792ef07093da990ca31198e7,kggk,kggk:118,1025,33bdbd1d0a71,True,Devendra Pandey,2026-07-28T18:39:20+05:30,Repair Order Form Updates (#1025),PORT,PORT,PR merge (leaves picked; Part-of trailer),,,"partial: master's later removal of reqd on Order BOM Metal Detail metal fields is kept (business decision 2026-10-02, Orders)",Repair Order
278d75d0ffc409b852cece3969919ad21718b63e,kggk,kggk:119,1029,fb172765bfb2,False,Shubham Keshri,2026-07-29T12:51:28+05:30,update Repair order form,SKIP_ALREADY_IN_MASTER,SKIP_ALREADY_IN_MASTER,skip,,"SKIP_ALREADY_IN_MASTER: Master already has an identical get_bom_detail (same body, @frappe.whitelist), added by master commit b86ee8f in #1035, at a different p",,Repair Order
ac6d358668174a4de967905a1a09982497df9aa8,kggk,kggk:119,1029,fb172765bfb2,False,Shubham Keshri,2026-07-29T12:53:07+05:30,Update repair_order_form.js,SKIP_ALREADY_IN_MASTER,SKIP_ALREADY_IN_MASTER,skip,,"SKIP_ALREADY_IN_MASTER: Master already has an identical get_bom_detail (same body, @frappe.whitelist), added by master commit b86ee8f in #1035, at a different p",,Repair Order
fb172765bfb2ae34150553a980b996c65aedc1de,kggk,kggk:119,1029,fb172765bfb2,True,Gurukrupa-Export,2026-07-29T12:56:26+05:30,update Repair order form (#1029),SKIP_ALREADY_IN_MASTER,SKIP_ALREADY_IN_MASTER,skip,,"SKIP_ALREADY_IN_MASTER: Master already has an identical get_bom_detail (same body, @frappe.whitelist), added by master commit b86ee8f in #1035, at a different p",,Repair Order
4a3b653b75f1ff96b0ac9d49c7e3da9dfca1ef4e,kggk,kggk:120,1030,b2e1f1327fd2,False,Shubham Keshri,2026-07-29T14:37:43+05:30,Update order_form.py,SKIP_ALREADY_IN_MASTER,SKIP_ALREADY_IN_MASTER,skip,,SKIP_ALREADY_IN_MASTER: Master's get_bom_detail already has @frappe.whitelist(). The hunk is not textually absorbed only because the function sits at a differen,,Repair Order
b2e1f1327fd2783eba212c25b59f9dd461c5484d,kggk,kggk:120,1030,b2e1f1327fd2,True,Gurukrupa-Export,2026-07-29T14:56:52+05:30,Update order_form.py (#1030),SKIP_ALREADY_IN_MASTER,SKIP_ALREADY_IN_MASTER,skip,,SKIP_ALREADY_IN_MASTER: Master's get_bom_detail already has @frappe.whitelist(). The hunk is not textually absorbed only because the function sits at a differen,,Repair Order
7557d23edcae2ef85d29b0acd9464b2d0ee7283e,kggk,kggk:121,1032,d0efb8cd0837,False,Shruti Bansal,2026-07-30T10:11:24+05:30,Update Product Return Order,SKIP_SUPERSEDED,SKIP_SUPERSEDED,skip,,SKIP_SUPERSEDED: The unit's whole effect is gone at kggk head: neither field nor any reference exists on the kggk or master heads. Survival of 0.667 on the JSON,,Product Return Order
c9ca589d9d7bb31892a68c0bb5d3c6c66f73ac73,kggk,kggk:121,1032,d0efb8cd0837,True,Shruti Bansal,2026-07-29T18:13:02+05:30,V16 develop aerele (#1031),SKIP_SUPERSEDED,SKIP_SUPERSEDED,skip,,SKIP_SUPERSEDED: The unit's whole effect is gone at kggk head: neither field nor any reference exists on the kggk or master heads. Survival of 0.667 on the JSON,,Product Return Order
32e22136be6e0bf3efba5a0ce341f1473589d976,kggk,kggk:121,1032,d0efb8cd0837,True,Shruti Bansal,2026-07-30T10:11:28+05:30,Merge branch 'sb_aerele_l' of https://github.com/Gurukrupa-Export/gke_customization into sb_aerele_l,SKIP_SUPERSEDED,SKIP_SUPERSEDED,skip,,SKIP_SUPERSEDED: The unit's whole effect is gone at kggk head: neither field nor any reference exists on the kggk or master heads. Survival of 0.667 on the JSON,,Product Return Order
d0efb8cd0837bd010c95ccf048e74f07014ffb5b,kggk,kggk:121,1032,d0efb8cd0837,True,Gurukrupa-Export,2026-07-30T10:13:37+05:30,Sb aerele l (#1032),SKIP_SUPERSEDED,SKIP_SUPERSEDED,skip,,SKIP_SUPERSEDED: The unit's whole effect is gone at kggk head: neither field nor any reference exists on the kggk or master heads. Survival of 0.667 on the JSON,,Product Return Order
062591427526d1b46893ee313ffd24d383443eda,kggk,kggk:122,1038,2893736db8d2,True,Gurukrupa-Export,2026-07-31T11:38:30+05:30,V16 develop aerele (#1037),SKIP_SUPERSEDED,SKIP_SUPERSEDED,skip,,"SKIP_SUPERSEDED: Unit 127 rewrote every line this unit added (survival 0.0 on both files). Master already has unit 127's evolved form, and get_data_from_jwelex ",,Product Return Order
1b0ef47a6d92863b6ed97a49db9b3d0aff5a21d3,kggk,kggk:122,1038,2893736db8d2,False,Gurukrupa-Export,2026-07-31T11:59:07+05:30,Update API and All,SKIP_SUPERSEDED,SKIP_SUPERSEDED,skip,,"SKIP_SUPERSEDED: Unit 127 rewrote every line this unit added (survival 0.0 on both files). Master already has unit 127's evolved form, and get_data_from_jwelex ",,Product Return Order
2893736db8d242658ba040e677e2dec04481901c,kggk,kggk:122,1038,2893736db8d2,True,Gurukrupa-Export,2026-07-31T12:00:06+05:30,V16 dharm (#1038),SKIP_SUPERSEDED,SKIP_SUPERSEDED,skip,,"SKIP_SUPERSEDED: Unit 127 rewrote every line this unit added (survival 0.0 on both files). Master already has unit 127's evolved form, and get_data_from_jwelex ",,Product Return Order
42f2b468d89777a19cbde938585c9fb36e4632c3,kggk,kggk:123,1053,40bbae8d832b,False,bhavika-gkexport,2026-08-01T18:22:43+05:30,01-08-2026 cross company added and resignation json file,SKIP_ALREADY_IN_MASTER,SKIP_ALREADY_IN_MASTER,skip,,"SKIP_ALREADY_IN_MASTER: Every path this unit touched has the same blob on the kggk and master heads, except cross_employee_transfer_details.json. That file diff",,HR employee lifecycle
40bbae8d832be7dec3c931bbdfcdfe4af37bf900,kggk,kggk:123,1053,40bbae8d832b,True,bhavika-gkexport,2026-08-01T18:24:07+05:30,01-08-2026 cross company added and resignation json file (#1053),SKIP_ALREADY_IN_MASTER,SKIP_ALREADY_IN_MASTER,skip,,"SKIP_ALREADY_IN_MASTER: Every path this unit touched has the same blob on the kggk and master heads, except cross_employee_transfer_details.json. That file diff",,HR employee lifecycle
7b82475ebec4cd279f3a2d0ff89efd59bf7da06a,kggk,kggk:124,1057,939d28bccd5c,True,sandeep-m-gk,2026-07-27T22:09:57+05:30,V16 develop aerele (#1024),NEEDS_BUSINESS_REVIEW,PORT,m1 (inside PR),5f1177cfdbb1,,"functional parts kept (new reports, filters, QR scan); business decision 2026-10-02 restored the pre-#1057 GK roles on the 25 touched reports alongside the current roles (commit 'fix(report permissions)')",Manufacturing reports
88a3f63dcb2c854d70b5b57ee0ea591c30d8d7cd,kggk,kggk:124,1057,939d28bccd5c,True,sandeep-m-gk,2026-08-01T17:13:45+05:30,V16 develop aerele (#1049),NEEDS_BUSINESS_REVIEW,PORT,m1 (inside PR),5f1177cfdbb1,,"functional parts kept (new reports, filters, QR scan); business decision 2026-10-02 restored the pre-#1057 GK roles on the 25 touched reports alongside the current roles (commit 'fix(report permissions)')",Manufacturing reports
7e9b2feb8ba26df03fc6f4aa58b66f9335bb827e,kggk,kggk:124,1057,939d28bccd5c,True,sandeep-m-gk,2026-08-03T00:41:51+05:30,V16 develop aerele (#1056),NEEDS_BUSINESS_REVIEW,PORT,m1 (inside PR),5f1177cfdbb1,,"functional parts kept (new reports, filters, QR scan); business decision 2026-10-02 restored the pre-#1057 GK roles on the 25 touched reports alongside the current roles (commit 'fix(report permissions)')",Manufacturing reports
4b2804cc8b348b09b941cdfd26ccc586d64c290b,kggk,kggk:124,1057,939d28bccd5c,False,sandeep-m-gk,2026-08-03T01:56:24+05:30,roles permission fix,NEEDS_BUSINESS_REVIEW,PORT,m1 (inside PR),5f1177cfdbb1,,"functional parts kept (new reports, filters, QR scan); business decision 2026-10-02 restored the pre-#1057 GK roles on the 25 touched reports alongside the current roles (commit 'fix(report permissions)')",Manufacturing reports
939d28bccd5c3332fb7feb82938420d282a9f6b3,kggk,kggk:124,1057,939d28bccd5c,True,Dharm Vaghasiya,2026-08-03T09:12:46+05:30,roles permission fix (#1057),NEEDS_BUSINESS_REVIEW,PORT,m1 (unit merge),5f1177cfdbb1,,"functional parts kept (new reports, filters, QR scan); business decision 2026-10-02 restored the pre-#1057 GK roles on the 25 touched reports alongside the current roles (commit 'fix(report permissions)')",Manufacturing reports
c8fd3d8db70d1ba081661dc024a6e89ea6c940b2,kggk,kggk:125,1051,41defdf99b58,True,Shruti Bansal,2026-08-01T17:38:48+05:30,V16 develop aerele (#1050),SKIP_SUPERSEDED,SKIP_SUPERSEDED,skip,,"SKIP_SUPERSEDED: The unit's whole effect is gone at kggk head (survival 0.0). Master also lacks it, and the K and M heads have the same unrounded lines.",,Product Return Order
b49658cabd3698c7e6de5a8ea91f8603b57e3bc2,kggk,kggk:125,1051,41defdf99b58,False,Shruti Bansal,2026-08-01T17:41:23+05:30,Added Precision,SKIP_SUPERSEDED,SKIP_SUPERSEDED,skip,,"SKIP_SUPERSEDED: The unit's whole effect is gone at kggk head (survival 0.0). Master also lacks it, and the K and M heads have the same unrounded lines.",,Product Return Order
41defdf99b584f6fcaef7136a2c884c5d7784bdc,kggk,kggk:125,1051,41defdf99b58,True,Dharm Vaghasiya,2026-08-03T10:15:10+05:30,Sb aerele l (#1051),SKIP_SUPERSEDED,SKIP_SUPERSEDED,skip,,"SKIP_SUPERSEDED: The unit's whole effect is gone at kggk head (survival 0.0). Master also lacks it, and the K and M heads have the same unrounded lines.",,Product Return Order
8407c404c8af3f1fb5ee8dc535f717e0baa6d414,kggk,kggk:126,1060,205aea60e880,True,sandeep-m-gk,2026-08-03T10:19:55+05:30,V16 develop aerele (#1058),PORT,PORT,m1 (inside PR),a1371f40b2f3,,,Manufacturing reports
8c02534286d059a145bb4e478fa77e03e4c5fab8,kggk,kggk:126,1060,205aea60e880,False,sandeep-m-gk,2026-08-03T11:11:10+05:30,fg history report,PORT,PORT,m1 (inside PR),a1371f40b2f3,,,Manufacturing reports
205aea60e8807fc9111a1413e54ed900a6d4ede0,kggk,kggk:126,1060,205aea60e880,True,Dharm Vaghasiya,2026-08-03T11:13:25+05:30,Sandepp v16 dummy (#1060),PORT,PORT,m1 (unit merge),a1371f40b2f3,,,Manufacturing reports
a741c79cf346054ad41f5be9874c24b88b610006,kggk,kggk:127,1072,1e3ff5808e29,True,Shubham Keshri,2026-08-06T14:35:07+05:30,V16 develop aerele (#1071),SKIP_ALREADY_IN_MASTER,SKIP_ALREADY_IN_MASTER,skip,,"SKIP_ALREADY_IN_MASTER: Every hunk that survives at kggk head is already in master: d_hunk shows .py 8/8, _api.py 5/5 and .js 4/4 absorbed. The JSON fields is_s",,Product Return Order
e74dd7f7ff851f132f0963dcd1f461875d4402f9,kggk,kggk:127,1072,1e3ff5808e29,False,Shubham Keshri,2026-08-06T14:43:53+05:30,update product order.py,SKIP_ALREADY_IN_MASTER,SKIP_ALREADY_IN_MASTER,skip,,"SKIP_ALREADY_IN_MASTER: Every hunk that survives at kggk head is already in master: d_hunk shows .py 8/8, _api.py 5/5 and .js 4/4 absorbed. The JSON fields is_s",,Product Return Order
e9db578e21da2ea4ac3b5cb4dc9fa1e4f550acb7,kggk,kggk:127,1072,1e3ff5808e29,False,Shubham Keshri,2026-08-06T15:44:02+05:30,update product return order form.py,SKIP_ALREADY_IN_MASTER,SKIP_ALREADY_IN_MASTER,skip,,"SKIP_ALREADY_IN_MASTER: Every hunk that survives at kggk head is already in master: d_hunk shows .py 8/8, _api.py 5/5 and .js 4/4 absorbed. The JSON fields is_s",,Product Return Order
9cc2f68570deef444fd99bae565ad8a156ec2171,kggk,kggk:127,1072,1e3ff5808e29,False,Shubham Keshri,2026-08-06T15:59:00+05:30,update product return order form,SKIP_ALREADY_IN_MASTER,SKIP_ALREADY_IN_MASTER,skip,,"SKIP_ALREADY_IN_MASTER: Every hunk that survives at kggk head is already in master: d_hunk shows .py 8/8, _api.py 5/5 and .js 4/4 absorbed. The JSON fields is_s",,Product Return Order
1e3ff5808e2915c505a4ce8e991cee60219251dd,kggk,kggk:127,1072,1e3ff5808e29,True,Dhinesh,2026-08-06T17:16:33+05:30,Shubham gke v16 (#1072),SKIP_ALREADY_IN_MASTER,SKIP_ALREADY_IN_MASTER,skip,,"SKIP_ALREADY_IN_MASTER: Every hunk that survives at kggk head is already in master: d_hunk shows .py 8/8, _api.py 5/5 and .js 4/4 absorbed. The JSON fields is_s",,Product Return Order
1006e44f5d9008faf0c75e7d032d44be5b235587,kggk,kggk:128,1074,bba46393b9d0,False,bhavika-gkexport,2026-08-07T16:36:13+05:30,07-08 update in gke_hrms and gke_survey module,SKIP_ALREADY_IN_MASTER,SKIP_ALREADY_IN_MASTER,skip,,SKIP_ALREADY_IN_MASTER: Everything from this unit that survives on GK live is already in master. The 39 'same' paths are identical blobs on the kggk and master ,,HR attendance and punches
bba46393b9d031d884f928dda4accee5e4b0352d,kggk,kggk:128,1074,bba46393b9d0,True,bhavika-gkexport,2026-08-07T16:38:26+05:30,07-08 update in gke_hrms and gke_survey module (#1074),SKIP_ALREADY_IN_MASTER,SKIP_ALREADY_IN_MASTER,skip,,SKIP_ALREADY_IN_MASTER: Everything from this unit that survives on GK live is already in master. The 39 'same' paths are identical blobs on the kggk and master ,,HR attendance and punches
645ef4e532bd2ccc520e1ba879af6c37e21dfc05,kggk,kggk:129,1076,638f440e5baa,True,sandeep-m-gk,2026-08-08T10:03:17+05:30,V16 develop aerele (#1075),PORT,PORT,m1 (inside PR),e0643de38174,,,Manufacturing reports
33b7a79e06fe5a9f337434ec2d6d23dff5869ab6,kggk,kggk:129,1076,638f440e5baa,False,sandeep-m-gk,2026-08-08T10:08:00+05:30,RM finding material Update,PORT,PORT,m1 (inside PR),e0643de38174,,,Manufacturing reports
638f440e5baaf1596e30890d7c010d227297833b,kggk,kggk:129,1076,638f440e5baa,True,Devendra Pandey,2026-08-08T10:11:49+05:30,Sandepp v16 dummy (#1076),PORT,PORT,m1 (unit merge),e0643de38174,,,Manufacturing reports
eee0bd2d271dbfaf564a70a1c1c9720ee3354a08,kggk,kggk:130,1077,415319242623,False,bhavika-gkexport,2026-08-08T14:15:19+05:30,08-08-2026 update in gke_hrms api file,SKIP_ALREADY_IN_MASTER,SKIP_ALREADY_IN_MASTER,skip,,"SKIP_ALREADY_IN_MASTER: Master already has the same code. attendance.py, attendance_api.py and monthly_summery.py are byte-identical at master and kggk heads. m",,HR attendance and punches
415319242623ec1f00dbe3e7b67f7cb217b7bb68,kggk,kggk:130,1077,415319242623,True,bhavika-gkexport,2026-08-08T14:17:06+05:30,08-08-2026 update in gke_hrms api file (#1077),SKIP_ALREADY_IN_MASTER,SKIP_ALREADY_IN_MASTER,skip,,"SKIP_ALREADY_IN_MASTER: Master already has the same code. attendance.py, attendance_api.py and monthly_summery.py are byte-identical at master and kggk heads. m",,HR attendance and punches
8af85c16c22030fdfd534054d3620f65ff509f98,kggk,kggk:131,1079,8b2d1c88edf2,False,bhavika-gkexport,2026-08-08T18:19:01+05:30,08-08-2026 update in pf challan report py file,SKIP_PATCH_EQUIVALENT,SKIP_PATCH_EQUIVALENT,skip,,"SKIP_PATCH_EQUIVALENT: Master has the same patch as d1554ad (same author, same day, same title). The file after d1554ad differs from this unit's leaf only by on",,HR payroll and salary withholding
8b2d1c88edf23291bc939782784f8ec01322af71,kggk,kggk:131,1079,8b2d1c88edf2,True,bhavika-gkexport,2026-08-08T18:19:59+05:30,08-08-2026 update in pf challan report py file (#1079),SKIP_PATCH_EQUIVALENT,SKIP_PATCH_EQUIVALENT,skip,,"SKIP_PATCH_EQUIVALENT: Master has the same patch as d1554ad (same author, same day, same title). The file after d1554ad differs from this unit's leaf only by on",,HR payroll and salary withholding
2e08a177301f17dc49249bcb4cc354c632b91b94,kggk,kggk:132,1081,369937249211,True,Shruti Bansal,2026-08-10T10:18:40+05:30,V16 develop aerele (#1080),SKIP_ALREADY_IN_MASTER,SKIP_ALREADY_IN_MASTER,skip,,"SKIP_ALREADY_IN_MASTER: absorbed=true. Master dfb9be0 ('Update set_edit_order_form_detail In Order', same author, 2026-08-11) contains the identical function.",,Order
1daa5875a8037d2bd619ef890785a8fd642a673a,kggk,kggk:132,1081,369937249211,False,Shruti Bansal,2026-08-10T10:43:12+05:30,Update Order .js,SKIP_ALREADY_IN_MASTER,SKIP_ALREADY_IN_MASTER,skip,,"SKIP_ALREADY_IN_MASTER: absorbed=true. Master dfb9be0 ('Update set_edit_order_form_detail In Order', same author, 2026-08-11) contains the identical function.",,Order
36993724921163ab421cbd8a0d984bbb1e0f2946,kggk,kggk:132,1081,369937249211,True,Devendra Pandey,2026-08-10T11:24:44+05:30,Sb aerele l (#1081),SKIP_ALREADY_IN_MASTER,SKIP_ALREADY_IN_MASTER,skip,,"SKIP_ALREADY_IN_MASTER: absorbed=true. Master dfb9be0 ('Update set_edit_order_form_detail In Order', same author, 2026-08-11) contains the identical function.",,Order
5dcf69aea2751ab23e4d77d449d746d6bd6edafa,kggk,kggk:133,1082,2299e0f89f2d,False,bhavika-gkexport,2026-08-10T11:29:50+05:30,10-08-2026 update in attendance_api py file,SKIP_ALREADY_IN_MASTER,SKIP_ALREADY_IN_MASTER,skip,,"SKIP_ALREADY_IN_MASTER: absorbed=true. attendance_api.py is identical at master and kggk heads, and master has the corrected form.",,HR attendance and punches
2299e0f89f2d6a2d0b4113b0343386863abc2431,kggk,kggk:133,1082,2299e0f89f2d,True,bhavika-gkexport,2026-08-10T11:31:07+05:30,10-08-2026 update in attendance_api py file (#1082),SKIP_ALREADY_IN_MASTER,SKIP_ALREADY_IN_MASTER,skip,,"SKIP_ALREADY_IN_MASTER: absorbed=true. attendance_api.py is identical at master and kggk heads, and master has the corrected form.",,HR attendance and punches
ce9093ef055caf120351aa64e1193a0b5e9586f9,kggk,kggk:134,1084,e0c8c29de956,True,Shruti Bansal,2026-08-10T14:45:06+05:30,V16 develop aerele (#1083),NEEDS_TECHNICAL_REVIEW,PORT,m1 (inside PR),,empty pick: all changes on deferred paths -> consolidated port,business decision 2026-10-02 (Access/KGGK): keep GK live's design-id console.log; landed in consolidated port c2,Order
1cbcf17cd525176ffc9d132c961f649099f49623,kggk,kggk:134,1084,e0c8c29de956,False,Shruti Bansal,2026-08-10T14:51:50+05:30,Update Order .js,NEEDS_TECHNICAL_REVIEW,PORT,m1 (inside PR),,empty pick: all changes on deferred paths -> consolidated port,business decision 2026-10-02 (Access/KGGK): keep GK live's design-id console.log; landed in consolidated port c2,Order
e0c8c29de95675b4512e207b50737c7e4994eecd,kggk,kggk:134,1084,e0c8c29de956,True,Devendra Pandey,2026-08-10T14:57:22+05:30,Sb aerele l (#1084),NEEDS_TECHNICAL_REVIEW,PORT,m1 (unit merge),,empty pick: all changes on deferred paths -> consolidated port,business decision 2026-10-02 (Access/KGGK): keep GK live's design-id console.log; landed in consolidated port c2,Order
4c488f6520c61ce6f4d599642bd10b7e69e7c5b8,kggk,kggk:135,1086,e26a0251f6c4,False,Shruti Bansal,2026-08-10T16:08:11+05:30,Update Order .js,SKIP_ALREADY_IN_MASTER,SKIP_ALREADY_IN_MASTER,skip,,SKIP_ALREADY_IN_MASTER: absorbed=true. Master dfb9be0 contains the identical hunk.,,Order
e26a0251f6c4d88635887dcceba17564672a6168,kggk,kggk:135,1086,e26a0251f6c4,True,Devendra Pandey,2026-08-11T10:19:28+05:30,Update Order  (#1086),SKIP_ALREADY_IN_MASTER,SKIP_ALREADY_IN_MASTER,skip,,SKIP_ALREADY_IN_MASTER: absorbed=true. Master dfb9be0 contains the identical hunk.,,Order
13c56686dc7e06fea28a480d4bd6cee5b2a4a968,kggk,kggk:136,1088,5679b355dce6,True,sandeep-m-gk,2026-08-10T14:55:50+05:30,V16 develop aerele (#1085),PORT,PORT,m1 (inside PR),964ac3ecc0bb,,,Manufacturing reports
afadd7128f73e26ef182db234fe78c4c3dce4cae,kggk,kggk:136,1088,5679b355dce6,True,sandeep-m-gk,2026-08-11T10:14:26+05:30,V16 develop aerele (#1087),PORT,PORT,m1 (inside PR),964ac3ecc0bb,,,Manufacturing reports
f0818d14f585b99d99e3526813c3c27e00c0a422,kggk,kggk:136,1088,5679b355dce6,False,sandeep-m-gk,2026-08-11T10:34:59+05:30,sales order wo mfg plan update,PORT,PORT,m1 (inside PR),964ac3ecc0bb,,,Manufacturing reports
5679b355dce61e42d2a3dcd1677e6f2e47a0d2e7,kggk,kggk:136,1088,5679b355dce6,True,Devendra Pandey,2026-08-11T10:51:37+05:30,Report update (#1088),PORT,PORT,m1 (unit merge),964ac3ecc0bb,,,Manufacturing reports
a8e3e2bb23d56010f31b55491d6c19da02aeb78f,kggk,kggk:137,1091,9d165999cebf,True,Shruti Bansal,2026-08-12T10:29:51+05:30,V16 develop aerele (#1090),SKIP_PATCH_EQUIVALENT,SKIP_PATCH_EQUIVALENT,skip,,"SKIP_PATCH_EQUIVALENT: Exact patch-id match with master 7d355dc (same author, 2026-08-12), merged via #1092 (cba7b21). The chain_weight read_only_depends_on val",,Order Form
d4e53db541bfa4385cb28f6d544db1cec211ffd1,kggk,kggk:137,1091,9d165999cebf,False,Shruti Bansal,2026-08-12T10:31:39+05:30,Update Order Form Detail . Json,SKIP_PATCH_EQUIVALENT,SKIP_PATCH_EQUIVALENT,skip,,"SKIP_PATCH_EQUIVALENT: Exact patch-id match with master 7d355dc (same author, 2026-08-12), merged via #1092 (cba7b21). The chain_weight read_only_depends_on val",,Order Form
9d165999cebfe3a195b1aa126974672065508dda,kggk,kggk:137,1091,9d165999cebf,True,Devendra Pandey,2026-08-12T10:36:43+05:30,Update Order Form Detail . Json (#1091),SKIP_PATCH_EQUIVALENT,SKIP_PATCH_EQUIVALENT,skip,,"SKIP_PATCH_EQUIVALENT: Exact patch-id match with master 7d355dc (same author, 2026-08-12), merged via #1092 (cba7b21). The chain_weight read_only_depends_on val",,Order Form
0cd5bad72a66fcb104399463ae2b258c6bfd47c2,kggk,kggk:138,1093,1ac7132715d3,False,bhavika-gkexport,2026-08-12T14:37:49+05:30,12-08-2026 update gke_hrms file,SKIP_ALREADY_IN_MASTER,SKIP_ALREADY_IN_MASTER,skip,,SKIP_ALREADY_IN_MASTER: All of this unit's changes are on master. monthly_summery.py and employee_advance.py are byte-identical at both heads. manual_punch_entr,,HR attendance and punches
1ac7132715d32dda31b3e91386cdedf443eb6af5,kggk,kggk:138,1093,1ac7132715d3,True,bhavika-gkexport,2026-08-12T14:40:23+05:30,12-08-2026 update gke_hrms file (#1093),SKIP_ALREADY_IN_MASTER,SKIP_ALREADY_IN_MASTER,skip,,SKIP_ALREADY_IN_MASTER: All of this unit's changes are on master. monthly_summery.py and employee_advance.py are byte-identical at both heads. manual_punch_entr,,HR attendance and punches
4fdaf648955a93fb15c7c415648882f7a53ea123,kggk,kggk:139,1101,367bb9dd2c7c,False,bhavika-gkexport,2026-08-13T18:30:39+05:30,13-08-2026 added new doctype of asset in gke_order_forms,SKIP_ALREADY_IN_MASTER,SKIP_ALREADY_IN_MASTER,skip,,"SKIP_ALREADY_IN_MASTER: absorbed=true. The asset_item_master files are identical on master (added there as 56368d5, 2026-07-22; path class 'same'). Master has t",,Asset Item Master
367bb9dd2c7cf7ea292108c4a74c4facc41916a4,kggk,kggk:139,1101,367bb9dd2c7c,True,bhavika-gkexport,2026-08-13T18:31:48+05:30,13-08-2026 added new doctype of asset in gke_order_forms (#1101),SKIP_ALREADY_IN_MASTER,SKIP_ALREADY_IN_MASTER,skip,,"SKIP_ALREADY_IN_MASTER: absorbed=true. The asset_item_master files are identical on master (added there as 56368d5, 2026-07-22; path class 'same'). Master has t",,Asset Item Master
751ca55033f5b02c4525aee49b44d3db3e768014,kggk,kggk:140,1099,0b806e5de1f2,False,Shruti Bansal,2026-08-13T13:20:03+05:30,Update Item .py,PORT,PORT,m1 (inside PR),,empty pick: all changes on deferred paths -> consolidated port,,Item and BOM creation and KGGK replication
857637f1ecbd62b8a9f207b069b17a436f01c3f1,kggk,kggk:140,1099,0b806e5de1f2,True,Shruti Bansal,2026-08-13T13:20:55+05:30,V16 develop aerele (#1098),PORT,PORT,m1 (inside PR),,empty pick: all changes on deferred paths -> consolidated port,,Item and BOM creation and KGGK replication
da95573f05dfe980a975ad833a7e03bf57de5561,kggk,kggk:140,1099,0b806e5de1f2,True,Shruti Bansal,2026-08-13T13:21:17+05:30,Merge branch 'sb_aerele_l' of https://github.com/Gurukrupa-Export/gke_customization into sb_aerele_l,PORT,PORT,m1 (inside PR),,empty pick: all changes on deferred paths -> consolidated port,,Item and BOM creation and KGGK replication
0b806e5de1f2af9b0f87a99df751839287722138,kggk,kggk:140,1099,0b806e5de1f2,True,Devendra Pandey,2026-08-13T18:42:24+05:30,Sb aerele l (#1099),PORT,PORT,m1 (unit merge),,empty pick: all changes on deferred paths -> consolidated port,,Item and BOM creation and KGGK replication
ef3ad4df3b5bb3a4c7cfa778857091ca3f084df0,kggk,kggk:141,1103,a26b426d3c8d,True,sandeep-m-gk,2026-08-13T21:30:28+05:30,V16 develop aerele (#1102),PORT,PORT,m1 (inside PR),f19a00fdfa83,,,Manufacturing reports
7f809a72731f17cf264f4f7b88dfae63a4e1d0c1,kggk,kggk:141,1103,a26b426d3c8d,False,sandeep-m-gk,2026-08-13T22:02:14+05:30,4 reports update,PORT,PORT,m1 (inside PR),f19a00fdfa83,,,Manufacturing reports
4c361951b257069055b74b096e31beb9c9bc2afc,kggk,kggk:141,1103,a26b426d3c8d,False,sandeep-m-gk,2026-08-13T22:23:22+05:30,update branch stock summary,PORT,PORT,m1 (inside PR),f19a00fdfa83,,,Manufacturing reports
a26b426d3c8d81cd17eda19868af9c3514f777aa,kggk,kggk:141,1103,a26b426d3c8d,True,Gurukrupa-Export,2026-08-13T23:35:28+05:30,4 Reports Update (#1103),PORT,PORT,m1 (unit merge),f19a00fdfa83,,,Manufacturing reports
c9fcc82e47e108d9b0d69a7106a634e7e9eb28a7,kggk,kggk:142,1108,37606c2710c1,True,sandeep-m-gk,2026-08-14T09:47:57+05:30,4 Reports Update (#1103) (#1107),PORT,PORT,m1 (inside PR),d21fc64a0552,,,Manufacturing reports
de538a7d0c2d36dc907fa09eb0e3eba2933d4680,kggk,kggk:142,1108,37606c2710c1,False,sandeep-m-gk,2026-08-14T09:50:05+05:30,Report Update,PORT,PORT,m1 (inside PR),d21fc64a0552,,,Manufacturing reports
37606c2710c129ba7d143b35144a93f90a330c15,kggk,kggk:142,1108,37606c2710c1,True,Gurukrupa-Export,2026-08-15T01:19:13+05:30,Report Update (#1108),PORT,PORT,m1 (unit merge),d21fc64a0552,,,Manufacturing reports
c23fdf65b0a242c1d873bfacb75cd78fe0d74844,kggk,kggk:143,1110,a67674c41284,True,sandeep-m-gk,2026-08-16T22:47:06+05:30,Report Update (#1108) (#1109),PORT,PORT,m1 (inside PR),f7aa06dcb772,,,Manufacturing reports
2d2156d12d9fc72b3cd1bca2269cbb80b9f86a2f,kggk,kggk:143,1110,a67674c41284,False,sandeep-m-gk,2026-08-16T23:11:51+05:30,reports update,PORT,PORT,m1 (inside PR),f7aa06dcb772,,,Manufacturing reports
a67674c41284bb79db20dde06991abc3373825ff,kggk,kggk:143,1110,a67674c41284,True,Gurukrupa-Export,2026-08-16T23:16:03+05:30,Sandepp v16 dummy (#1110),PORT,PORT,m1 (unit merge),f7aa06dcb772,,,Manufacturing reports
51dcc7452ad2745065b8b788563d9b5d7f076350,kggk,kggk:144,1119,2ea8770fa216,True,Shubham Keshri,2026-08-18T01:47:29+05:30,Kggk prod (#1118),PORT,PORT,m1 (inside PR),,empty pick: all changes on deferred paths -> consolidated port,,Product Return Order
c0ee0ffd5a62de4cc3217f87806e1498388d23ad,kggk,kggk:144,1119,2ea8770fa216,False,Shubham Keshri,2026-08-18T01:52:20+05:30,update Repair Order Form,PORT,PORT,m1 (inside PR),,empty pick: all changes on deferred paths -> consolidated port,,Product Return Order
2ea8770fa216196719558108dcbdbf3d180546a0,kggk,kggk:144,1119,2ea8770fa216,True,Devendra Pandey,2026-08-18T09:03:41+05:30,Shubham gke v16 (#1119),PORT,PORT,m1 (unit merge),,empty pick: all changes on deferred paths -> consolidated port,,Product Return Order
4b7dab253d3ae03c456c9747e77da042403a4667,kggk,kggk:145,1129,ba4549b28435,False,bhavika-gkexport,2026-08-20T20:06:46+05:30,20-08-2026 update in employee_advance py file,SKIP_ALREADY_IN_MASTER,SKIP_ALREADY_IN_MASTER,skip,,SKIP_ALREADY_IN_MASTER: absorbed=true. employee_advance.py is byte-identical at master and kggk heads; master has it via 9d35b28 / 787f63b.,,HR payroll and salary withholding
ba4549b284350991b3cd520ec7337097517a3cce,kggk,kggk:145,1129,ba4549b28435,True,bhavika-gkexport,2026-08-20T20:11:10+05:30,20-08-2026 update in employee_advance py file (#1129),SKIP_ALREADY_IN_MASTER,SKIP_ALREADY_IN_MASTER,skip,,SKIP_ALREADY_IN_MASTER: absorbed=true. employee_advance.py is byte-identical at master and kggk heads; master has it via 9d35b28 / 787f63b.,,HR payroll and salary withholding
4ffb05006c06e5b670f48743e50b511295a3b8ce,kggk,kggk:146,1158,83ee74422b35,False,Manikandan S,2026-08-28T14:44:21+05:30,Add frappe dependency to pyproject.toml,SKIP_ALREADY_IN_MASTER,SKIP_ALREADY_IN_MASTER,skip,,"SKIP_ALREADY_IN_MASTER: absorbed=true. Master pyproject.toml already has the identical block (84f6e7a, range updated in 0ad0794).",,Packaging and config
83ee74422b3545c117a8730beb8ff65c4019fc50,kggk,kggk:146,1158,83ee74422b35,True,Manikandan S,2026-08-28T14:47:27+05:30,Add frappe dependency to pyproject.toml (#1158),SKIP_ALREADY_IN_MASTER,SKIP_ALREADY_IN_MASTER,skip,,"SKIP_ALREADY_IN_MASTER: absorbed=true. Master pyproject.toml already has the identical block (84f6e7a, range updated in 0ad0794).",,Packaging and config
3c23349d4a7376b3c2e5aef3c3fb3dc739b8ff50,kggk,kggk:147,1123,ed9c4d3bbb41,False,Sachin1043,2026-08-19T16:59:26+05:30,Fix return subtype array membership check bug,PORT,PORT,m1 (inside PR),7f39ed40c147,,"partial: create_bom_for_touch is split by metal type - Silver touch changes follow master (Order purity), gold and other metals keep production's touch-to-purity map (business decision 2026-10-02, Orders)",Order Form + Product Return Order + HR payroll and salary withholding + Manufacturing reports
33ce018e00603e724d1f1df4c273b6ea2192c7bc,kggk,kggk:147,1123,ed9c4d3bbb41,True,SACHIN K S,2026-08-19T17:01:29+05:30,Fix return subtype array membership check bug (#1121),PORT,PORT,m1 (inside PR),7f39ed40c147,,"partial: create_bom_for_touch is split by metal type - Silver touch changes follow master (Order purity), gold and other metals keep production's touch-to-purity map (business decision 2026-10-02, Orders)",Order Form + Product Return Order + HR payroll and salary withholding + Manufacturing reports
43fafd50d48d919a12ed93623b34039a6dbacfdd,kggk,kggk:147,1123,ed9c4d3bbb41,True,bhavika-gkexport,2026-08-20T20:08:56+05:30,20-08-2026 update in employee_advance py file (#1128),PORT,PORT,m1 (inside PR),7f39ed40c147,,"partial: create_bom_for_touch is split by metal type - Silver touch changes follow master (Order purity), gold and other metals keep production's touch-to-purity map (business decision 2026-10-02, Orders)",Order Form + Product Return Order + HR payroll and salary withholding + Manufacturing reports
60455b200540b20e9284870f7e1e893d316b7f5b,kggk,kggk:147,1123,ed9c4d3bbb41,True,Shubham Keshri,2026-08-20T21:29:48+05:30,V16 develop aerele (#1130),PORT,PORT,m1 (inside PR),7f39ed40c147,,"partial: create_bom_for_touch is split by metal type - Silver touch changes follow master (Order purity), gold and other metals keep production's touch-to-purity map (business decision 2026-10-02, Orders)",Order Form + Product Return Order + HR payroll and salary withholding + Manufacturing reports
dc1c204a3c46eb8d98d11f65c3119ddaf53c96a7,kggk,kggk:147,1123,ed9c4d3bbb41,False,Shubham Keshri,2026-08-20T21:37:25+05:30,Product Return order form Updates,PORT,PORT,m1 (inside PR),7f39ed40c147,,"partial: create_bom_for_touch is split by metal type - Silver touch changes follow master (Order purity), gold and other metals keep production's touch-to-purity map (business decision 2026-10-02, Orders)",Order Form + Product Return Order + HR payroll and salary withholding + Manufacturing reports
89a81fc462b35d0c677997ec9599c96fcac6c9a2,kggk,kggk:147,1123,ed9c4d3bbb41,True,Devendra Pandey,2026-08-20T22:44:11+05:30,Shubham gke v16 (#1131),PORT,PORT,m1 (inside PR),7f39ed40c147,,"partial: create_bom_for_touch is split by metal type - Silver touch changes follow master (Order purity), gold and other metals keep production's touch-to-purity map (business decision 2026-10-02, Orders)",Order Form + Product Return Order + HR payroll and salary withholding + Manufacturing reports
dea38be9d6d9ffa7befe62a27ceef6ece71dafb7,kggk,kggk:147,1123,ed9c4d3bbb41,True,Shruti Bansal,2026-08-21T10:06:34+05:30,V16 develop aerele (#1132),PORT,PORT,m1 (inside PR),7f39ed40c147,,"partial: create_bom_for_touch is split by metal type - Silver touch changes follow master (Order purity), gold and other metals keep production's touch-to-purity map (business decision 2026-10-02, Orders)",Order Form + Product Return Order + HR payroll and salary withholding + Manufacturing reports
7b07d3f643fab0e76176371a2130149cae55a520,kggk,kggk:147,1123,ed9c4d3bbb41,False,Shruti Bansal,2026-08-21T10:31:38+05:30,Updated Order form . Py,PORT,PORT,m1 (inside PR),7f39ed40c147,,"partial: create_bom_for_touch is split by metal type - Silver touch changes follow master (Order purity), gold and other metals keep production's touch-to-purity map (business decision 2026-10-02, Orders)",Order Form + Product Return Order + HR payroll and salary withholding + Manufacturing reports
6718f16d43c73f4070bb76bba6f7ddd9a6355e6a,kggk,kggk:147,1123,ed9c4d3bbb41,True,Devendra Pandey,2026-08-21T18:39:20+05:30,Sb aerele l (#1133),PORT,PORT,m1 (inside PR),7f39ed40c147,,"partial: create_bom_for_touch is split by metal type - Silver touch changes follow master (Order purity), gold and other metals keep production's touch-to-purity map (business decision 2026-10-02, Orders)",Order Form + Product Return Order + HR payroll and salary withholding + Manufacturing reports
e24582ef44b4157cc4b6cc773de279e1bdc50b0f,kggk,kggk:147,1123,ed9c4d3bbb41,False,Shruti Bansal,2026-08-22T10:08:09+05:30,Update Order Form .Py,PORT,PORT,m1 (inside PR),7f39ed40c147,,"partial: create_bom_for_touch is split by metal type - Silver touch changes follow master (Order purity), gold and other metals keep production's touch-to-purity map (business decision 2026-10-02, Orders)",Order Form + Product Return Order + HR payroll and salary withholding + Manufacturing reports
bd555443a63407f1b01e5e1c80ef0f606f47abb0,kggk,kggk:147,1123,ed9c4d3bbb41,True,Devendra Pandey,2026-08-22T10:47:30+05:30,Update Order Form .Py (#1135),PORT,PORT,m1 (inside PR),7f39ed40c147,,"partial: create_bom_for_touch is split by metal type - Silver touch changes follow master (Order purity), gold and other metals keep production's touch-to-purity map (business decision 2026-10-02, Orders)",Order Form + Product Return Order + HR payroll and salary withholding + Manufacturing reports
31bb1f10fc4e6cd389f6f30cad7323298cb9a51a,kggk,kggk:147,1123,ed9c4d3bbb41,True,sandeep-m-gk,2026-08-23T21:11:54+05:30,V16 develop aerele (#1137),PORT,PORT,m1 (inside PR),7f39ed40c147,,"partial: create_bom_for_touch is split by metal type - Silver touch changes follow master (Order purity), gold and other metals keep production's touch-to-purity map (business decision 2026-10-02, Orders)",Order Form + Product Return Order + HR payroll and salary withholding + Manufacturing reports
6dc17b7ae7e9e7dd184bb961e290f56be6c92024,kggk,kggk:147,1123,ed9c4d3bbb41,False,sandeep-m-gk,2026-08-23T21:18:05+05:30,Production Report update,PORT,PORT,m1 (inside PR),7f39ed40c147,,"partial: create_bom_for_touch is split by metal type - Silver touch changes follow master (Order purity), gold and other metals keep production's touch-to-purity map (business decision 2026-10-02, Orders)",Order Form + Product Return Order + HR payroll and salary withholding + Manufacturing reports
289b20a1c70466c722918d56285ce83b0777dd0a,kggk,kggk:147,1123,ed9c4d3bbb41,True,Devendra Pandey,2026-08-23T21:45:46+05:30,Sandepp v16 dummy (#1138),PORT,PORT,m1 (inside PR),7f39ed40c147,,"partial: create_bom_for_touch is split by metal type - Silver touch changes follow master (Order purity), gold and other metals keep production's touch-to-purity map (business decision 2026-10-02, Orders)",Order Form + Product Return Order + HR payroll and salary withholding + Manufacturing reports
085a07822f3104a600e79ec59b3c50935e00d52d,kggk,kggk:147,1123,ed9c4d3bbb41,False,S Sakthivel Murugan,2026-08-21T19:45:39+05:30,feat(payroll): support individual and partial salary withholding release,PORT,PORT,m1 (inside PR),7f39ed40c147,,"partial: create_bom_for_touch is split by metal type - Silver touch changes follow master (Order purity), gold and other metals keep production's touch-to-purity map (business decision 2026-10-02, Orders)",Order Form + Product Return Order + HR payroll and salary withholding + Manufacturing reports
126d21422145f9f8fe66032b28882d8855e129d1,kggk,kggk:147,1123,ed9c4d3bbb41,True,Devendra Pandey,2026-08-24T09:32:35+05:30,feat(payroll): support individual and partial salary withholding release (#1134),PORT,PORT,m1 (inside PR),7f39ed40c147,,"partial: create_bom_for_touch is split by metal type - Silver touch changes follow master (Order purity), gold and other metals keep production's touch-to-purity map (business decision 2026-10-02, Orders)",Order Form + Product Return Order + HR payroll and salary withholding + Manufacturing reports
00253272a93863ebf5aaaee75559138b331839fb,kggk,kggk:147,1123,ed9c4d3bbb41,True,Shruti Bansal,2026-08-24T17:58:37+05:30,V16 develop aerele (#1142),PORT,PORT,m1 (inside PR),7f39ed40c147,,"partial: create_bom_for_touch is split by metal type - Silver touch changes follow master (Order purity), gold and other metals keep production's touch-to-purity map (business decision 2026-10-02, Orders)",Order Form + Product Return Order + HR payroll and salary withholding + Manufacturing reports
1d487c2f4710cd0423dfe52c8f849eb70cc498cb,kggk,kggk:147,1123,ed9c4d3bbb41,False,Shruti Bansal,2026-08-24T18:14:39+05:30,Update Product Return Order,PORT,PORT,m1 (inside PR),7f39ed40c147,,"partial: create_bom_for_touch is split by metal type - Silver touch changes follow master (Order purity), gold and other metals keep production's touch-to-purity map (business decision 2026-10-02, Orders)",Order Form + Product Return Order + HR payroll and salary withholding + Manufacturing reports
2b362239f66bc20a0fa9dcc57142c5636efcfdc7,kggk,kggk:147,1123,ed9c4d3bbb41,True,Devendra Pandey,2026-08-24T18:41:36+05:30,Sb aerele l (#1143),PORT,PORT,m1 (inside PR),7f39ed40c147,,"partial: create_bom_for_touch is split by metal type - Silver touch changes follow master (Order purity), gold and other metals keep production's touch-to-purity map (business decision 2026-10-02, Orders)",Order Form + Product Return Order + HR payroll and salary withholding + Manufacturing reports
72ef0a4fcf31c1c8fa4014013638fd34bb6021f8,kggk,kggk:147,1123,ed9c4d3bbb41,True,sandeep-m-gk,2026-08-25T21:13:52+05:30,V16 develop aerele (#1148),PORT,PORT,m1 (inside PR),7f39ed40c147,,"partial: create_bom_for_touch is split by metal type - Silver touch changes follow master (Order purity), gold and other metals keep production's touch-to-purity map (business decision 2026-10-02, Orders)",Order Form + Product Return Order + HR payroll and salary withholding + Manufacturing reports
18003d2268d840d5432e1892001710d32c3ad388,kggk,kggk:147,1123,ed9c4d3bbb41,False,sandeep-m-gk,2026-08-25T21:24:12+05:30,Update,PORT,PORT,m1 (inside PR),7f39ed40c147,,"partial: create_bom_for_touch is split by metal type - Silver touch changes follow master (Order purity), gold and other metals keep production's touch-to-purity map (business decision 2026-10-02, Orders)",Order Form + Product Return Order + HR payroll and salary withholding + Manufacturing reports
0d126cf45cbcca4f6dae8fac6df1d981f6ab5849,kggk,kggk:147,1123,ed9c4d3bbb41,True,Devendra Pandey,2026-08-25T21:30:35+05:30,Sandepp v16 dummy (#1149),PORT,PORT,m1 (inside PR),7f39ed40c147,,"partial: create_bom_for_touch is split by metal type - Silver touch changes follow master (Order purity), gold and other metals keep production's touch-to-purity map (business decision 2026-10-02, Orders)",Order Form + Product Return Order + HR payroll and salary withholding + Manufacturing reports
b3ed66a2de3b8f689ee460eb2bdf221e1849914f,kggk,kggk:147,1123,ed9c4d3bbb41,True,sandeep-m-gk,2026-08-26T11:59:29+05:30,Sandepp v16 dummy (#1149) (#1150),PORT,PORT,m1 (inside PR),7f39ed40c147,,"partial: create_bom_for_touch is split by metal type - Silver touch changes follow master (Order purity), gold and other metals keep production's touch-to-purity map (business decision 2026-10-02, Orders)",Order Form + Product Return Order + HR payroll and salary withholding + Manufacturing reports
8275e0ca9530bd22964e51163e5a129ad4002cbd,kggk,kggk:147,1123,ed9c4d3bbb41,False,sandeep-m-gk,2026-08-26T12:02:17+05:30,Mfg Dashboard Update,PORT,PORT,m1 (inside PR),7f39ed40c147,,"partial: create_bom_for_touch is split by metal type - Silver touch changes follow master (Order purity), gold and other metals keep production's touch-to-purity map (business decision 2026-10-02, Orders)",Order Form + Product Return Order + HR payroll and salary withholding + Manufacturing reports
dd2bb3675ac017a2956dce4a27c9163cba0f82c7,kggk,kggk:147,1123,ed9c4d3bbb41,True,Devendra Pandey,2026-08-26T12:23:43+05:30,Mfg Dashboard Update (#1151),PORT,PORT,m1 (inside PR),7f39ed40c147,,"partial: create_bom_for_touch is split by metal type - Silver touch changes follow master (Order purity), gold and other metals keep production's touch-to-purity map (business decision 2026-10-02, Orders)",Order Form + Product Return Order + HR payroll and salary withholding + Manufacturing reports
6e362f64cbee37ce5d2853af7bf35fcd4b64317d,kggk,kggk:147,1123,ed9c4d3bbb41,True,Shruti Bansal,2026-08-27T12:02:29+05:30,V16 develop aerele (#1155),PORT,PORT,m1 (inside PR),7f39ed40c147,,"partial: create_bom_for_touch is split by metal type - Silver touch changes follow master (Order purity), gold and other metals keep production's touch-to-purity map (business decision 2026-10-02, Orders)",Order Form + Product Return Order + HR payroll and salary withholding + Manufacturing reports
b14705f4876c52cc430ec65f0980c45ea9a151e6,kggk,kggk:147,1123,ed9c4d3bbb41,False,Shruti Bansal,2026-08-27T12:42:47+05:30,Update Order Files,PORT,PORT,m1 (inside PR),7f39ed40c147,,"partial: create_bom_for_touch is split by metal type - Silver touch changes follow master (Order purity), gold and other metals keep production's touch-to-purity map (business decision 2026-10-02, Orders)",Order Form + Product Return Order + HR payroll and salary withholding + Manufacturing reports
8fcc4a5f90334304df4000849adffc16ac8b46ac,kggk,kggk:147,1123,ed9c4d3bbb41,True,Devendra Pandey,2026-08-27T12:47:06+05:30,Sb aerele l (#1156),PORT,PORT,m1 (inside PR),7f39ed40c147,,"partial: create_bom_for_touch is split by metal type - Silver touch changes follow master (Order purity), gold and other metals keep production's touch-to-purity map (business decision 2026-10-02, Orders)",Order Form + Product Return Order + HR payroll and salary withholding + Manufacturing reports
ed9c4d3bbb41ced1012ac2278d8680b5facec59a,kggk,kggk:147,1123,ed9c4d3bbb41,True,Manikandan S,2026-08-28T14:48:44+05:30,Kggk prod branch updation (#1123),PORT,PORT,m1 (unit merge),7f39ed40c147,,"partial: create_bom_for_touch is split by metal type - Silver touch changes follow master (Order purity), gold and other metals keep production's touch-to-purity map (business decision 2026-10-02, Orders)",Order Form + Product Return Order + HR payroll and salary withholding + Manufacturing reports
a33dc4ae7809c455e61944841b8aa16dc9e4b25d,kggk,kggk:148,1172,7d75d56425be,False,bhavika-gkexport,2026-08-31T17:13:57+05:30,31-08-2026 added new tow report of Department wise present and attendance report and update in hooks file for schedule m,SKIP_ALREADY_IN_MASTER,SKIP_ALREADY_IN_MASTER,skip,,SKIP_ALREADY_IN_MASTER: Default PORT overridden. Master already carries this feature through its own twin commits by the same author (569811b salary register AP,,Sales and HR reports
72b86cb42d229c6615334da6ccd2e98087dc3126,kggk,kggk:148,1172,7d75d56425be,True,bhavika-gkexport,2026-08-31T18:03:46+05:30,Merge branch 'kggk_prod' into bhavika_v16,SKIP_ALREADY_IN_MASTER,SKIP_ALREADY_IN_MASTER,skip,,SKIP_ALREADY_IN_MASTER: Default PORT overridden. Master already carries this feature through its own twin commits by the same author (569811b salary register AP,,Sales and HR reports
7d75d56425be00238b17a6166cd6b06ac4c768d0,kggk,kggk:148,1172,7d75d56425be,True,Devendra Pandey,2026-08-31T18:05:44+05:30,31-08-2026 added new tow report of Department wise present and attend… (#1172),SKIP_ALREADY_IN_MASTER,SKIP_ALREADY_IN_MASTER,skip,,SKIP_ALREADY_IN_MASTER: Default PORT overridden. Master already carries this feature through its own twin commits by the same author (569811b salary register AP,,Sales and HR reports
9d40ff9bda2b6248e73a1ba169d268230a6ba89d,kggk,kggk:149,1170,63b1bbcd8c1a,True,Manikandan S,2026-08-27T16:51:52+05:30,Kggk uat branch updation (#1122),PORT,PORT,m1 (inside PR),,empty pick: all changes on deferred paths -> consolidated port,,Fixtures
c4620b12e576ee1b78410782752d6e42d7392ca0,kggk,kggk:149,1170,63b1bbcd8c1a,False,Manikandan S,2026-08-27T16:59:38+05:30,Add frappe dependency to pyproject.toml,PORT,PORT,m1 (inside PR),,empty pick: all changes on deferred paths -> consolidated port,,Fixtures
bb9d6af6ea163098f5dff8f443a9a2543cee5e27,kggk,kggk:149,1170,63b1bbcd8c1a,True,Manikandan S,2026-08-27T17:00:25+05:30,Add frappe dependency to pyproject.toml (#1157),PORT,PORT,m1 (inside PR),,empty pick: all changes on deferred paths -> consolidated port,,Fixtures
8fdc8646bcb680740a26bad133ec8dd0e5b0d718,kggk,kggk:149,1170,63b1bbcd8c1a,False,manikandan-s-18,2026-08-31T16:35:02+05:30,feat: add Purchase Order Item Copy BOM custom field,PORT,PORT,m1 (inside PR),,empty pick: all changes on deferred paths -> consolidated port,,Fixtures
63b1bbcd8c1a258a1a98444774e7f94604655c20,kggk,kggk:149,1170,63b1bbcd8c1a,True,Manikandan S,2026-08-31T20:48:23+05:30,Fix/copy bom from purchase order (#1170),PORT,PORT,m1 (unit merge),,empty pick: all changes on deferred paths -> consolidated port,,Fixtures
95b60c55eb66aa5d5abeabde4d992691e62588f6,kggk,kggk:150,1175,440dc086d670,False,bhavika-gkexport,2026-08-31T18:59:50+05:30,31-08-2026 update in cross company doctype,SKIP_ALREADY_IN_MASTER,SKIP_ALREADY_IN_MASTER,skip,,"SKIP_ALREADY_IN_MASTER: Default PORT overridden. Master's twin commits (ab927ef / 7ad1a83 #1174, then 0cf5e27) give the same result. cross_company_employee_tran",,HR employee lifecycle
440dc086d6702280f1314e433b51719d010bc531,kggk,kggk:150,1175,440dc086d670,True,Devendra Pandey,2026-08-31T22:05:57+05:30,31-08-2026 update in cross company doctype (#1175),SKIP_ALREADY_IN_MASTER,SKIP_ALREADY_IN_MASTER,skip,,"SKIP_ALREADY_IN_MASTER: Default PORT overridden. Master's twin commits (ab927ef / 7ad1a83 #1174, then 0cf5e27) give the same result. cross_company_employee_tran",,HR employee lifecycle
2cde899307bf6b6d7fdde784828b8521bc0a4c94,kggk,kggk:151,1176,e699b953447d,True,sandeep-m-gk,2026-08-31T21:24:17+05:30,Kggk prod (#1162),PORT,PORT,m1 (inside PR),fc388a1d248a,,partial: Production Report and Advance Bagging Summary changes kept; its KGGK Jewelex - ERP Order Tally files removed by the exclude: commit (business decision 2026-10-02),Manufacturing reports
bccc0f2c632c0287de7f1aa8f9eaa42bbfdef8b7,kggk,kggk:151,1176,e699b953447d,False,sandeep-m-gk,2026-08-31T21:45:19+05:30,3 reports update.,PORT,PORT,m1 (inside PR),fc388a1d248a,,partial: Production Report and Advance Bagging Summary changes kept; its KGGK Jewelex - ERP Order Tally files removed by the exclude: commit (business decision 2026-10-02),Manufacturing reports
e699b953447d88cf76d3013090de37bc8363b454,kggk,kggk:151,1176,e699b953447d,True,Devendra Pandey,2026-08-31T23:19:05+05:30,Sandepp v16 dummy (#1176),PORT,PORT,m1 (unit merge),fc388a1d248a,,partial: Production Report and Advance Bagging Summary changes kept; its KGGK Jewelex - ERP Order Tally files removed by the exclude: commit (business decision 2026-10-02),Manufacturing reports
289f1317d93fbc6edd36c16e3bcae5193c64bd01,kggk,kggk:152,1182,624b695fff67,False,bhavika-gkexport,2026-09-01T18:34:37+05:30,01-09-2026 01-09-2026 update in auto mail report js and py file and  hooks file,SKIP_ALREADY_IN_MASTER,SKIP_ALREADY_IN_MASTER,skip,,"SKIP_ALREADY_IN_MASTER: Default PORT overridden. cross_company_employee_transfer.py, both report .js files and item_request.json are blob-identical to master. T",,Sales and HR reports
624b695fff677b369dd861579bb26d370724516c,kggk,kggk:152,1182,624b695fff67,True,Devendra Pandey,2026-09-01T20:41:59+05:30,01-09-2026 01-09-2026 update in auto mail report js and py file and  hooks file  (#1182),SKIP_ALREADY_IN_MASTER,SKIP_ALREADY_IN_MASTER,skip,,"SKIP_ALREADY_IN_MASTER: Default PORT overridden. cross_company_employee_transfer.py, both report .js files and item_request.json are blob-identical to master. T",,Sales and HR reports
8786581b3b09831f3f69df478d8625025948d814,kggk,kggk:153,1185,177ca4bdd18d,True,sandeep-m-gk,2026-09-01T23:29:49+05:30,Kggk prod (#1183),PORT,PORT,m1 (inside PR),a03131da5950,,,Manufacturing reports
838bda44e3e1d122e4da783c4378163a602fb60c,kggk,kggk:153,1185,177ca4bdd18d,False,sandeep-m-gk,2026-09-01T23:35:13+05:30,2 reports update,PORT,PORT,m1 (inside PR),a03131da5950,,,Manufacturing reports
c0dc6c6aa54cf16fc1aa8ba080126200e3e0b492,kggk,kggk:153,1185,177ca4bdd18d,False,sandeep-m-gk,2026-09-02T10:06:25+05:30,Code Fix,PORT,PORT,m1 (inside PR),a03131da5950,,,Manufacturing reports
4a3fb9795032c51df86f0f0a03bb737e11268074,kggk,kggk:153,1185,177ca4bdd18d,False,sandeep-m-gk,2026-09-02T22:38:00+05:30,Update pyproject.toml,PORT,PORT,m1 (inside PR),a03131da5950,,,Manufacturing reports
177ca4bdd18df4bbf59fc13e2caee508bc3630f9,kggk,kggk:153,1185,177ca4bdd18d,True,Devendra Pandey,2026-09-02T22:54:47+05:30,Sandepp v16 dummy (#1185),PORT,PORT,m1 (unit merge),a03131da5950,,,Manufacturing reports
854f190c4e5d73a14bf71bd93c1d0bb2c9fc4a5e,kggk,kggk:154,1191,dd4aa3401247,True,sandeep-m-gk,2026-09-03T11:20:28+05:30,Sandepp v16 dummy (#1185) (#1190),PORT,PORT,m1 (inside PR),00d6da58d6b8,,partial: Production Report changes kept; KGGK tally hunk removed by the exclude: commit (business decision 2026-10-02),Manufacturing reports
87fe9178e81a86f802b65f625b7fe79055069771,kggk,kggk:154,1191,dd4aa3401247,False,sandeep-m-gk,2026-09-03T11:24:01+05:30,Production report,PORT,PORT,m1 (inside PR),00d6da58d6b8,,partial: Production Report changes kept; KGGK tally hunk removed by the exclude: commit (business decision 2026-10-02),Manufacturing reports
cbc80d7ed60e34054d9d6427312484b0b0f0780a,kggk,kggk:154,1191,dd4aa3401247,False,sandeep-m-gk,2026-09-03T12:22:45+05:30,Production report,PORT,PORT,m1 (inside PR),00d6da58d6b8,,partial: Production Report changes kept; KGGK tally hunk removed by the exclude: commit (business decision 2026-10-02),Manufacturing reports
27e942473d88088153ce7efc59779a7a5b80ff22,kggk,kggk:154,1191,dd4aa3401247,False,sandeep-m-gk,2026-09-03T15:23:57+05:30,KGGK Order tally report,PORT,PORT,m1 (inside PR),00d6da58d6b8,,partial: Production Report changes kept; KGGK tally hunk removed by the exclude: commit (business decision 2026-10-02),Manufacturing reports
dd4aa3401247e70e23c8883a1614428a871213c0,kggk,kggk:154,1191,dd4aa3401247,True,Devendra Pandey,2026-09-05T16:58:06+05:30,Sandepp v16 dummy (#1191),PORT,PORT,m1 (unit merge),00d6da58d6b8,,partial: Production Report changes kept; KGGK tally hunk removed by the exclude: commit (business decision 2026-10-02),Manufacturing reports
f2b70d1641a503bdb576ac7f32929c2fe64c4198,kggk,kggk:155,1203,d090a12db456,True,sandeep-m-gk,2026-09-06T18:07:34+05:30,Sandepp v16 dummy (#1191) (#1202),PORT,SKIP_UNRELATED,m1 (inside PR),3a509eca0b8a,,"KGGK Jewelex - ERP Order Tally only; business decision 2026-10-02; replayed for ordering, removed by the exclude: commit",Manufacturing reports
3c0d78f905411b5d93430429f98f8719ca8378a5,kggk,kggk:155,1203,d090a12db456,False,sandeep-m-gk,2026-09-06T18:11:19+05:30,Kggk Jwelex Tally Update,PORT,SKIP_UNRELATED,m1 (inside PR),3a509eca0b8a,,"KGGK Jewelex - ERP Order Tally only; business decision 2026-10-02; replayed for ordering, removed by the exclude: commit",Manufacturing reports
d090a12db456f0954d8f03142b8b186a74aa0a0c,kggk,kggk:155,1203,d090a12db456,True,Devendra Pandey,2026-09-06T18:15:13+05:30,Sandepp v16 dummy (#1203),PORT,SKIP_UNRELATED,m1 (unit merge),3a509eca0b8a,,"KGGK Jewelex - ERP Order Tally only; business decision 2026-10-02; replayed for ordering, removed by the exclude: commit",Manufacturing reports
d938b30b0acc43cffd8abacab868ebd602cbeb16,kggk,kggk:156,1205,3c6741b515f3,True,sandeep-m-gk,2026-09-06T20:36:03+05:30,Sandepp v16 dummy (#1203) (#1204),PORT,SKIP_UNRELATED,m1 (inside PR),553324750ad3,,"KGGK Jewelex - ERP Order Tally only; business decision 2026-10-02; replayed for ordering, removed by the exclude: commit",Manufacturing reports
5bc5d6e7cf4611b94d45e00c1feea1a7896e04cb,kggk,kggk:156,1205,3c6741b515f3,False,sandeep-m-gk,2026-09-06T20:41:36+05:30,Update,PORT,SKIP_UNRELATED,m1 (inside PR),553324750ad3,,"KGGK Jewelex - ERP Order Tally only; business decision 2026-10-02; replayed for ordering, removed by the exclude: commit",Manufacturing reports
3c6741b515f3864501801de6ad6f3e2ee0eea1a0,kggk,kggk:156,1205,3c6741b515f3,True,Devendra Pandey,2026-09-06T20:46:25+05:30,Sandepp v16 dummy (#1205),PORT,SKIP_UNRELATED,m1 (unit merge),553324750ad3,,"KGGK Jewelex - ERP Order Tally only; business decision 2026-10-02; replayed for ordering, removed by the exclude: commit",Manufacturing reports
0e424aa780a37712fee613cf17c599015be4edc1,kggk,kggk:157,1209,ed98efe701a8,False,bhavika-gkexport,2026-09-07T18:20:58+05:30,07-09-2026 added attendance adjustment tool doctype and child table,PORT,PORT,leaf,e168048c87ad,,,HR attendance and punches
ed98efe701a8bdcb960bc914df813d75ee006f93,kggk,kggk:157,1209,ed98efe701a8,True,bhavika-gkexport,2026-09-07T18:23:10+05:30,07-09-2026 added attendance adjustment tool doctype and child table (#1209),PORT,PORT,PR merge (leaves picked; Part-of trailer),,,,HR attendance and punches
7f4c652aacd82514ca79e7fcebeb3a10f2a079af,kggk,kggk:158,1208,50145bd6f98a,False,S Sakthivel Murugan,2026-09-07T17:40:54+05:30,fix(payroll): handle salary slip-only formula fields during evaluation,PORT,PORT,leaf,bcbe1c391a1c,,,HR payroll and salary withholding
50145bd6f98a5a94fb02a8b10077bba2dc3508f7,kggk,kggk:158,1208,50145bd6f98a,True,Devendra Pandey,2026-09-07T21:43:50+05:30,fix(payroll): handle salary slip-only formula fields during evaluation (#1208),PORT,PORT,PR merge (leaves picked; Part-of trailer),,,,HR payroll and salary withholding
ee38c768755816f24bf60ed89e10a906ef3ae849,kggk,kggk:159,1194,3629b4c6bc13,False,Praveenkumar26-S,2026-09-03T17:29:40+05:30,feat: add transfer to department operation type functionalities,PORT,PORT,leaf,,empty pick: all changes on deferred paths -> consolidated port,,Material Request transfer to department
3629b4c6bc1301117ff9d2fcbafd0b91ab85eddc,kggk,kggk:159,1194,3629b4c6bc13,True,Dhinesh,2026-09-07T23:01:09+05:30,feat: add transfer to department operation type functionalities (#1194),PORT,PORT,PR merge (leaves picked; Part-of trailer),,,,Material Request transfer to department
79f9c3c119c0145100bd060ee8cebc896b7dac38,kggk,kggk:160,1217,e2b103762dbb,True,sandeep-m-gk,2026-09-08T16:59:46+05:30,Kggk prod (#1214),PORT,PORT,m1 (inside PR),6f32e007d80f,,partial: department report changes kept; KGGK tally hunk removed by the exclude: commit (business decision 2026-10-02),Manufacturing reports
73cdda30cbf0ec76274c156e6b30ad6079021a7a,kggk,kggk:160,1217,e2b103762dbb,False,sandeep-m-gk,2026-09-08T17:49:58+05:30,Reports Update,PORT,PORT,m1 (inside PR),6f32e007d80f,,partial: department report changes kept; KGGK tally hunk removed by the exclude: commit (business decision 2026-10-02),Manufacturing reports
e2b103762dbb87cbb90398717137abfb183d15cb,kggk,kggk:160,1217,e2b103762dbb,True,Devendra Pandey,2026-09-08T19:09:55+05:30,Sandepp v16 dummy (#1217),PORT,PORT,m1 (unit merge),6f32e007d80f,,partial: department report changes kept; KGGK tally hunk removed by the exclude: commit (business decision 2026-10-02),Manufacturing reports
482953b54a4dbd14133e84b1853df188125df6c4,kggk,kggk:161,1224,d1c7fe32d8e3,True,sandeep-m-gk,2026-09-09T15:23:13+05:30,Sandepp v16 dummy (#1217) (#1223),NEEDS_BUSINESS_REVIEW,SKIP_UNRELATED,m1 (inside PR),a850c8fa3cb9,,"business decision 2026-10-02 (Access/KGGK): the KGGK Jewelex - ERP Order Tally family is not carried; replayed for ordering, removed by the exclude: commit",Manufacturing reports
fc7a922c5121fc764c5924b8278e66989f71f008,kggk,kggk:161,1224,d1c7fe32d8e3,False,sandeep-m-gk,2026-09-09T15:30:01+05:30,Report Update,NEEDS_BUSINESS_REVIEW,SKIP_UNRELATED,m1 (inside PR),a850c8fa3cb9,,"business decision 2026-10-02 (Access/KGGK): the KGGK Jewelex - ERP Order Tally family is not carried; replayed for ordering, removed by the exclude: commit",Manufacturing reports
d1c7fe32d8e3702b31005b1ee85f071362941ed2,kggk,kggk:161,1224,d1c7fe32d8e3,True,Devendra Pandey,2026-09-09T15:36:53+05:30,Report Update (#1224),NEEDS_BUSINESS_REVIEW,SKIP_UNRELATED,m1 (unit merge),a850c8fa3cb9,,"business decision 2026-10-02 (Access/KGGK): the KGGK Jewelex - ERP Order Tally family is not carried; replayed for ordering, removed by the exclude: commit",Manufacturing reports
0bfbae4fe66bddfef7b8d98a39a20c2c658e70f0,kggk,kggk:162,1229,35e21d2ebab5,True,sandeep-m-gk,2026-09-10T00:46:13+05:30,Report Update (#1224) (#1228),PORT,PORT,m1 (inside PR),2f531e041f36,,,Stock and inventory reports
988a0b36bba12b04170ff16d761d7a0b3c487d57,kggk,kggk:162,1229,35e21d2ebab5,False,sandeep-m-gk,2026-09-10T00:49:18+05:30,new reports update,PORT,PORT,m1 (inside PR),2f531e041f36,,,Stock and inventory reports
35e21d2ebab531df78c499ed331e183b9481cd5f,kggk,kggk:162,1229,35e21d2ebab5,True,Gurukrupa-Export,2026-09-10T00:56:07+05:30,Sandepp v16 dummy (#1229),PORT,PORT,m1 (unit merge),2f531e041f36,,,Stock and inventory reports
154da885d2dc2adbc8239a355fa4e2ddada9fcc4,kggk,kggk:163,1235,fc4caf290e8d,False,Praveenkumar26-S,2026-09-10T18:54:22+05:30,feat: change name of man operation with year and month,PORT,PORT,leaf,8c59e2234c80,,,Manufacturing Operation naming
fc4caf290e8dd13d05175730130192df339b3b77,kggk,kggk:163,1235,fc4caf290e8d,True,Praveenkumar Sakthivel,2026-09-11T08:54:06+05:30,feat: change name of man operation with year and month (#1235),PORT,PORT,PR merge (leaves picked; Part-of trailer),,,,Manufacturing Operation naming
2e8a01fab12dcf3393ba03a25b6f13f78e42d190,kggk,kggk:164,1240,d55b2445ba6c,False,bhavika-gkexport,2026-09-11T18:51:44+05:30,11-09-2026 update in attendance api and hr report,SKIP_ALREADY_IN_MASTER,SKIP_ALREADY_IN_MASTER,skip,,"SKIP_ALREADY_IN_MASTER: All six paths are identical between master and kggk_prod head (path class 'same'). attendance.py, loan_application.py, esic_challan_repo",,HR attendance and punches
d55b2445ba6cd6f2252a796bbfd764e7426448ad,kggk,kggk:164,1240,d55b2445ba6c,True,Devendra Pandey,2026-09-11T18:55:23+05:30,11-09-2026 update in attendance api and hr report (#1240),SKIP_ALREADY_IN_MASTER,SKIP_ALREADY_IN_MASTER,skip,,"SKIP_ALREADY_IN_MASTER: All six paths are identical between master and kggk_prod head (path class 'same'). attendance.py, loan_application.py, esic_challan_repo",,HR attendance and punches
2f0b13b4be6838a821ef4f45f20c472d6cc987b7,kggk,kggk:165,1255,e986264cdb52,True,sandeep-m-gk,2026-09-11T20:04:01+05:30,Kggk prod (#1241),PORT,PORT,m1 (inside PR),13559f50ad58,,,Manufacturing reports
158e637f540e8c68d111bb56599b27f6bc2fe175,kggk,kggk:165,1255,e986264cdb52,False,sandeep-m-gk,2026-09-14T22:37:21+05:30,Reports Update,PORT,PORT,m1 (inside PR),13559f50ad58,,,Manufacturing reports
e986264cdb52c0de6acc05253364ecc292ae7883,kggk,kggk:165,1255,e986264cdb52,True,Devendra Pandey,2026-09-14T23:21:27+05:30,Sandepp v16 dummy (#1255),PORT,PORT,m1 (unit merge),13559f50ad58,,,Manufacturing reports
f279000c36b32682b4012a57683ad8597eb1f92e,kggk,kggk:166,1272,92071f775cf6,False,bhavika-gkexport,2026-09-16T18:05:19+05:30,16-09-2026 update in ot_allowance_entry py file,SKIP_ALREADY_IN_MASTER,SKIP_ALREADY_IN_MASTER,skip,,"SKIP_ALREADY_IN_MASTER: absorbed=true. Master's employee_additional_details.json is identical to the unit result, and master's ot_allowance_entry.py contains th",,HR overtime
f04a4927e52d864853c01e01dfa2f877b5480b28,kggk,kggk:166,1272,92071f775cf6,False,bhavika-gkexport,2026-09-16T18:09:46+05:30,16-09-2026 update in employee additional details json file,SKIP_ALREADY_IN_MASTER,SKIP_ALREADY_IN_MASTER,skip,,"SKIP_ALREADY_IN_MASTER: absorbed=true. Master's employee_additional_details.json is identical to the unit result, and master's ot_allowance_entry.py contains th",,HR overtime
92071f775cf689778c257d2bce2ca23e4ffbaa10,kggk,kggk:166,1272,92071f775cf6,True,Devendra Pandey,2026-09-16T18:41:47+05:30,16-09-2026 update in ot_allowance_entry py file (#1272),SKIP_ALREADY_IN_MASTER,SKIP_ALREADY_IN_MASTER,skip,,"SKIP_ALREADY_IN_MASTER: absorbed=true. Master's employee_additional_details.json is identical to the unit result, and master's ot_allowance_entry.py contains th",,HR overtime
b0a51f37831c0cf3a845f3e2905ed684b588f948,kggk,kggk:167,1278,3d05870fd328,False,Kanishkar,2026-09-18T13:50:08+05:30,refactor: rename close setting and label to nova glow,PORT,PORT,leaf,e0e6adb607f5,,,Nova Glow rename
3d05870fd32828d1e6082cb11d0347fab5bc6982,kggk,kggk:167,1278,3d05870fd328,True,Manikandan S,2026-09-18T13:53:20+05:30,refactor: rename close setting and label to nova glow (#1278),PORT,PORT,PR merge (leaves picked; Part-of trailer),,,,Nova Glow rename
3ca34b020327997c4e38019e76990ef1a6a0b5b8,kggk,kggk:168,1280,3ec2f3376daf,False,Kanishkar V,2026-09-18T20:08:14+05:30,"Revert ""refactor: rename close setting and label to nova glow""",SKIP_REVERTED,SKIP_REVERTED,skip,,"SKIP_REVERTED: revert of #1278, itself reverted by #1283",,Nova Glow rename
3ec2f3376daf8c862f818fe5d71b40a95486baa9,kggk,kggk:168,1280,3ec2f3376daf,True,Manikandan S,2026-09-18T20:10:39+05:30,"Revert ""refactor: rename close setting and label to nova glow"" (#1280)",SKIP_REVERTED,SKIP_REVERTED,skip,,"SKIP_REVERTED: revert of #1278, itself reverted by #1283",,Nova Glow rename
bff1420f5fd5aaf62d57ae90bcae0d5acafbac4f,kggk,kggk:169,1283,c1f7ed5f7bd5,False,Kanishkar V,2026-09-18T21:49:45+05:30,"Revert ""Revert ""refactor: rename close setting and label to nova glow""""",SKIP_REVERTED,SKIP_REVERTED,skip,,SKIP_REVERTED: re-applies #1278 which is kept,,Nova Glow rename
c1f7ed5f7bd521aff9de4a5685e71faccce817a2,kggk,kggk:169,1283,c1f7ed5f7bd5,True,Manikandan S,2026-09-18T21:50:23+05:30,"Revert ""Revert ""refactor: rename close setting and label to nova glow"""" (#1283)",SKIP_REVERTED,SKIP_REVERTED,skip,,SKIP_REVERTED: re-applies #1278 which is kept,,Nova Glow rename
7ac745fbce8e12b7d97b22354aab02e54ed78135,kggk,kggk:170,1288,e0b01c1f35dd,True,Shubham Keshri,2026-08-23T23:03:28+05:30,Kggk prod (#1139),PORT,PORT,m1 (inside PR),,empty pick: all changes on deferred paths -> consolidated port,"partial: the Jewelex-tag validate guard is dropped and the on_submit guard narrowed to Jewelex tags without a new BOM, so BOM-calculated Jewelex returns build a BOM and serial as on master (business decision 2026-10-02, Orders)",Product Return Order
ca41753a6a7961a8a7ca2e1c16c7902d837576ae,kggk,kggk:170,1288,e0b01c1f35dd,True,Manikandan S,2026-09-02T10:39:32+05:30,V16 develop aerele branch updation (#1120),PORT,PORT,m1 (inside PR),,empty pick: all changes on deferred paths -> consolidated port,"partial: the Jewelex-tag validate guard is dropped and the on_submit guard narrowed to Jewelex tags without a new BOM, so BOM-calculated Jewelex returns build a BOM and serial as on master (business decision 2026-10-02, Orders)",Product Return Order
856da6d55ab07a90f44f507827ab61607044c14a,kggk,kggk:170,1288,e0b01c1f35dd,True,Shubham Keshri,2026-09-13T21:30:45+05:30,V16 develop aerele (#1250),PORT,PORT,m1 (inside PR),,empty pick: all changes on deferred paths -> consolidated port,"partial: the Jewelex-tag validate guard is dropped and the on_submit guard narrowed to Jewelex tags without a new BOM, so BOM-calculated Jewelex returns build a BOM and serial as on master (business decision 2026-10-02, Orders)",Product Return Order
68884d3c5b3761969dd28d59bdfde159c33281e4,kggk,kggk:170,1288,e0b01c1f35dd,False,Shubham Keshri,2026-09-13T21:35:36+05:30,update Product return order  form.py,PORT,PORT,m1 (inside PR),,empty pick: all changes on deferred paths -> consolidated port,"partial: the Jewelex-tag validate guard is dropped and the on_submit guard narrowed to Jewelex tags without a new BOM, so BOM-calculated Jewelex returns build a BOM and serial as on master (business decision 2026-10-02, Orders)",Product Return Order
86e22e55d93c90cd409af313944eaf6bb43a7f60,kggk,kggk:170,1288,e0b01c1f35dd,True,Shubham Keshri,2026-09-20T13:44:01+05:30,Kggk prod (#1287),PORT,PORT,m1 (inside PR),,empty pick: all changes on deferred paths -> consolidated port,"partial: the Jewelex-tag validate guard is dropped and the on_submit guard narrowed to Jewelex tags without a new BOM, so BOM-calculated Jewelex returns build a BOM and serial as on master (business decision 2026-10-02, Orders)",Product Return Order
64cd1985ad9f3cdaf23ab58f47907300c19013bb,kggk,kggk:170,1288,e0b01c1f35dd,False,Shubham Keshri,2026-09-20T14:17:43+05:30,Repir Updates for KGGK Prod,PORT,PORT,m1 (inside PR),,empty pick: all changes on deferred paths -> consolidated port,"partial: the Jewelex-tag validate guard is dropped and the on_submit guard narrowed to Jewelex tags without a new BOM, so BOM-calculated Jewelex returns build a BOM and serial as on master (business decision 2026-10-02, Orders)",Product Return Order
e0b01c1f35dd0479f858481e35ec12870fe014ea,kggk,kggk:170,1288,e0b01c1f35dd,True,Devendra Pandey,2026-09-20T14:25:25+05:30,Shubham gke v16 (#1288),PORT,PORT,m1 (unit merge),,empty pick: all changes on deferred paths -> consolidated port,"partial: the Jewelex-tag validate guard is dropped and the on_submit guard narrowed to Jewelex tags without a new BOM, so BOM-calculated Jewelex returns build a BOM and serial as on master (business decision 2026-10-02, Orders)",Product Return Order
5f116ba9458c1a3c036b6a79b81cfdb65f304e0e,kggk,kggk:171,1293,a264410c5b03,True,sandeep-m-gk,2026-09-21T10:43:13+05:30,Kggk prod (#1292),PORT,PORT,m1 (inside PR),8b4e46db32f3,,,Manufacturing reports
0d11321951244c0a380bc6c6f0c39a6a6ac2f9b4,kggk,kggk:171,1293,a264410c5b03,False,sandeep-m-gk,2026-09-21T10:56:26+05:30,2 reports update,PORT,PORT,m1 (inside PR),8b4e46db32f3,,,Manufacturing reports
a264410c5b03649809b6409f8054cb2e6280ca1b,kggk,kggk:171,1293,a264410c5b03,True,Devendra Pandey,2026-09-21T11:59:09+05:30,Sandepp v16 dummy (#1293),PORT,PORT,m1 (unit merge),8b4e46db32f3,,,Manufacturing reports
d17508a147b739d840eba3a1480043663b123f16,kggk,kggk:172,1297,98ec5fbcad46,False,bhavika-gkexport,2026-09-21T18:25:57+05:30,21-09-2026 added new doctype employee signature,SKIP_ALREADY_IN_MASTER,SKIP_ALREADY_IN_MASTER,skip,,"SKIP_ALREADY_IN_MASTER: absorbed=true. All 8 files are byte-identical in master (master commit 8b1b9b3, same date).",,HR misc
98ec5fbcad46756dd043f27b2fa40a9251d0e2b1,kggk,kggk:172,1297,98ec5fbcad46,True,Devendra Pandey,2026-09-21T19:00:11+05:30,21-09-2026 added new doctype employee signature (#1297),SKIP_ALREADY_IN_MASTER,SKIP_ALREADY_IN_MASTER,skip,,"SKIP_ALREADY_IN_MASTER: absorbed=true. All 8 files are byte-identical in master (master commit 8b1b9b3, same date).",,HR misc
c35e18de798314f8ee307e139d5381da9d9c6fe1,kggk,kggk:173,1328,9f631325a541,False,bhavika-gkexport,2026-09-24T17:49:52+05:30,24-09-2026 update in daily present and attedance report py file,SKIP_ALREADY_IN_MASTER,SKIP_ALREADY_IN_MASTER,skip,,"SKIP_ALREADY_IN_MASTER: Leaf c35e18de is patch-identical to master commit 757b589c (same title, 2026-09-24). Both report files are byte-identical on master and ",,Sales and HR reports
9f631325a5411d43c4cd2fc4f7eecc38ba2deb28,kggk,kggk:173,1328,9f631325a541,True,Devendra Pandey,2026-09-26T09:36:19+05:30,24-09-2026 update in daily present and attedance report py file (#1328),SKIP_ALREADY_IN_MASTER,SKIP_ALREADY_IN_MASTER,skip,,"SKIP_ALREADY_IN_MASTER: Leaf c35e18de is patch-identical to master commit 757b589c (same title, 2026-09-24). Both report files are byte-identical on master and ",,Sales and HR reports
01f3ea04d5dd7c78316ad797ebf91d4ad6ce762a,kggk,kggk:174,1335,cc654ee00ae3,False,bhavika-gkexport,2026-09-26T18:12:41+05:30,26-09-2026 update in report py file and ot allowance entry,SKIP_ALREADY_IN_MASTER,SKIP_ALREADY_IN_MASTER,skip,,"SKIP_ALREADY_IN_MASTER: Leaf 01f3ea04 is patch-identical to master 33fd0160 (same title, 2026-09-26). absorbed=true; the sort key is present in master ot_allowa",,HR overtime
cc654ee00ae302661be9d39d07cf3d6c00e4d477,kggk,kggk:174,1335,cc654ee00ae3,True,Devendra Pandey,2026-09-27T22:07:51+05:30,26-09-2026 update in report py file and ot allowance entry (#1335),SKIP_ALREADY_IN_MASTER,SKIP_ALREADY_IN_MASTER,skip,,"SKIP_ALREADY_IN_MASTER: Leaf 01f3ea04 is patch-identical to master 33fd0160 (same title, 2026-09-26). absorbed=true; the sort key is present in master ot_allowa",,HR overtime
da2a97ce7835b745022a453791f4b31463e9b2ce,kggk,kggk:175,1350,361835e1adad,False,bhavika-gkexport,2026-09-29T18:46:55+05:30,29-09-2026 Logic Update in api for Ot deducation after shift end,SKIP_ALREADY_IN_MASTER,SKIP_ALREADY_IN_MASTER,skip,,"SKIP_ALREADY_IN_MASTER: Functionally identical to master af896a3c (PR #1349, merged in master as 2160feb3). monthly_in_out_log.py has 8/8 hunks absorbed, attend",,HR attendance and punches
361835e1adad41377d53b03f8757e5822861f3e2,kggk,kggk:175,1350,361835e1adad,True,Devendra Pandey,2026-09-30T19:21:02+05:30,29-09-2026 Logic Update in api for Ot deducation after shift end (#1350),SKIP_ALREADY_IN_MASTER,SKIP_ALREADY_IN_MASTER,skip,,"SKIP_ALREADY_IN_MASTER: Functionally identical to master af896a3c (PR #1349, merged in master as 2160feb3). monthly_in_out_log.py has 8/8 hunks absorbed, attend",,HR attendance and punches
5497c7f9f762991029f2797267916c3e4522e155,kggk,kggk:176,1357,e7f8cf3fcbf5,False,bhavika-gkexport,2026-09-30T21:23:51+05:30,30-09-2026 update in monthly in-out log py file,PORT,PORT,leaf,,empty pick: all changes on deferred paths -> consolidated port,,HR attendance and punches
e7f8cf3fcbf5ffe0564f1b5a46bb414c03043b4b,kggk,kggk:176,1357,e7f8cf3fcbf5,True,Devendra Pandey,2026-09-30T21:24:58+05:30,30-09-2026 update in monthly in-out log py file (#1357),PORT,PORT,PR merge (leaves picked; Part-of trailer),,,,HR attendance and punches
259e83605b1eef55decf7f02287b7bbbda901f37,kggk,kggk:177,1360,3d6c61ac921c,True,sandeep-m-gk,2026-09-30T23:24:29+05:30,Kggk prod (#1359),PORT,PORT,m1 (inside PR),c9c77f419bba,,,Manufacturing reports
03c43d9df79260b73db4fb2f0dfb6a693b88210b,kggk,kggk:177,1360,3d6c61ac921c,False,sandeep-m-gk,2026-09-30T23:30:36+05:30,reports update,PORT,PORT,m1 (inside PR),c9c77f419bba,,,Manufacturing reports
3d6c61ac921c74714c89e6619ab93a22ecbc25b2,kggk,kggk:177,1360,3d6c61ac921c,True,Devendra Pandey,2026-10-01T00:25:08+05:30,Sandepp v16 dummy (#1360),PORT,PORT,m1 (unit merge),c9c77f419bba,,,Manufacturing reports
b94d417a9a76510eb9d5dce841674a52546d94ad,gkp,gkp:1,1356,20d3c28c8c5f,False,Devendra Pandey,2026-09-30T19:09:35+05:30,29-09-2026 Logic Update in api for Ot deducation after shift end (#1349),PORT,PORT,leaf,,empty pick: already in master,,Catalogue portal and APIs
1284254966f0fafc2582f9c6b975a41c46561f36,gkp,gkp:1,1356,20d3c28c8c5f,False,bhavika-gkexport,2026-09-30T19:58:11+05:30,30-09-2026 update in monthly in_out log py file,PORT,PORT,leaf,,empty pick: all changes on deferred paths -> consolidated port,,Catalogue portal and APIs
cc511637237d49bdc68576cf4a4e07ff08782cbb,gkp,gkp:1,1356,20d3c28c8c5f,False,bhavika-gkexport,2026-09-30T21:15:20+05:30,30-09-2026 update in gke_catalogue api file,PORT,PORT,leaf,,empty pick: all changes on deferred paths -> consolidated port,,Catalogue portal and APIs
20d3c28c8c5f712b6b3584f7ab9176e759588efc,gkp,gkp:1,1356,20d3c28c8c5f,True,Devendra Pandey,2026-09-30T21:16:57+05:30,Bhavika gk v16 (#1356),PORT,PORT,PR merge (leaves picked; Part-of trailer),,,,Catalogue portal and APIs
fde2e2804450c2d7239ac5eb62c9dfda79d43d18,gkp,gkp:2,1358,c94f0475c5d5,False,bhavika-gkexport,2026-09-30T21:34:00+05:30,30-09-2026 update in holiday punch py file,SKIP_ALREADY_IN_MASTER,SKIP_ALREADY_IN_MASTER,skip,,"SKIP_ALREADY_IN_MASTER: GK live's final holiday_punch.py equals master's apart from blank lines: master commit 70308a6 (merge bd749538, #1354, 2026-09-30 18:04)",,HR attendance and punches
c94f0475c5d53a4ada2e546c910dcff4dfff5a07,gkp,gkp:2,1358,c94f0475c5d5,True,Devendra Pandey,2026-09-30T21:34:55+05:30,30-09-2026 update in holiday punch py file (#1358),SKIP_ALREADY_IN_MASTER,SKIP_ALREADY_IN_MASTER,skip,,"SKIP_ALREADY_IN_MASTER: GK live's final holiday_punch.py equals master's apart from blank lines: master commit 70308a6 (merge bd749538, #1354, 2026-09-30 18:04)",,HR attendance and punches
